,PC 1,PC 2,ipp_id,PPI family
0,59.863445,24.7213,,FDA
1,62.128613,22.501984,,FDA
2,56.576805,30.917355,,FDA
3,52.998325,21.259363,,FDA
4,65.38384,22.156963,,FDA
5,54.330997,31.28043,,FDA
6,0.024497783,-6.395059,,FDA
7,52.10549,28.84722,,FDA
8,65.790115,22.1649,,FDA
9,-8.647929,15.742975,,FDA
10,-62.692467,21.609686,,FDA
11,36.00879,30.253843,,FDA
12,-47.98943,31.400934,,FDA
13,13.929207,16.026281,,FDA
14,47.94946,13.200729,,FDA
15,18.025898,37.212143,,FDA
16,-1.9159895,38.549774,,FDA
17,36.91366,33.569622,,FDA
18,40.147247,35.064713,,FDA
19,-35.59922,35.220192,,FDA
20,33.63479,33.384636,,FDA
21,36.860176,33.696617,,FDA
22,33.589344,35.368973,,FDA
23,-49.078697,32.352295,,FDA
24,15.609806,44.81558,,FDA
25,33.860065,31.93801,,FDA
26,36.181408,36.367535,,FDA
27,47.612274,13.5759,,FDA
28,-74.60572,18.511787,,FDA
29,-67.971405,30.421103,,FDA
30,32.31846,33.355328,,FDA
31,19.538572,32.87197,,FDA
32,-44.71504,35.31419,,FDA
33,-4.4119864,55.599735,,FDA
34,33.291447,35.5818,,FDA
35,34.083134,38.84361,,FDA
36,1.8541495,47.864105,,FDA
37,20.46584,28.920155,,FDA
38,-73.82859,18.409782,,FDA
39,14.001873,30.647345,,FDA
40,34.63158,32.858704,,FDA
41,54.65305,31.689602,,FDA
42,32.804646,31.95745,,FDA
43,-19.00616,21.00806,,FDA
44,-74.56662,16.443811,,FDA
45,39.688873,34.744698,,FDA
46,29.760015,26.928263,,FDA
47,-48.382286,32.7245,,FDA
48,30.63738,42.73818,,FDA
49,15.1914,45.196583,,FDA
50,29.088171,26.470411,,FDA
51,29.714226,26.933443,,FDA
52,-69.00951,32.359478,,FDA
53,-29.650745,39.669224,,FDA
54,-8.328042,15.201571,,FDA
55,19.070574,38.544933,,FDA
56,30.410543,27.476429,,FDA
57,-73.83194,18.160961,,FDA
58,-4.016788,-2.4965205,,FDA
59,1.0816016,7.56286,,FDA
60,-23.39056,-3.4125764,,FDA
61,33.72034,33.550587,,FDA
62,-10.82677,49.10319,,FDA
63,-16.930155,10.252981,,FDA
64,36.143375,-32.18587,,FDA
65,61.194996,11.51017,,FDA
66,43.747963,9.267465,,FDA
67,-20.19855,73.509575,,FDA
68,21.794628,29.289639,,FDA
69,49.39752,8.797955,,FDA
70,60.06918,30.715553,,FDA
71,6.854535,-24.197144,,FDA
72,-12.35393,3.6319718,,FDA
73,-41.73509,-47.7808,,FDA
74,30.50213,15.262428,,FDA
75,53.018616,8.934338,,FDA
76,-6.549862,9.316954,,FDA
77,42.94601,12.783814,,FDA
78,32.33911,0.96101224,,FDA
79,43.471073,-27.390045,,FDA
80,3.4309402,-20.87943,,FDA
81,-49.028904,30.915787,,FDA
82,30.917961,13.754411,,FDA
83,-50.726982,-6.0172005,,FDA
84,14.164954,11.889189,,FDA
85,-42.369133,10.658574,,FDA
86,-62.638016,21.664907,,FDA
87,-5.251165,-18.182623,,FDA
88,1.2603595,37.277348,,FDA
89,-10.736205,-45.568806,,FDA
90,25.202816,-27.996655,,FDA
91,-21.668787,-12.29841,,FDA
92,-5.4694343,29.307499,,FDA
93,-42.78553,10.269599,,FDA
94,-12.149733,23.115385,,FDA
95,0.54970264,29.631947,,FDA
96,21.737963,-9.489607,,FDA
97,14.292891,-6.235018,,FDA
98,-48.51618,-12.102197,,FDA
99,9.215876,-22.242609,,FDA
100,-36.29694,-1.7134608,,FDA
101,-25.337946,-59.864384,,FDA
102,29.535925,1.4713129,,FDA
103,27.213373,65.46822,,FDA
104,-0.75090986,32.498943,,FDA
105,40.4917,-7.1964307,,FDA
106,40.2086,4.991091,,FDA
107,0.6136624,-49.48983,,FDA
108,-16.683338,77.597626,,FDA
109,47.306183,5.7689795,,FDA
110,1.1504506,5.0778675,,FDA
111,-11.376403,48.745552,,FDA
112,-28.7578,-4.0798573,,FDA
113,77.59816,11.978143,,FDA
114,23.261663,29.066534,,FDA
115,-40.51827,-49.27519,,FDA
116,-13.7259035,-51.980892,,FDA
117,29.446953,-21.393988,,FDA
118,-32.99704,-14.1876,,FDA
119,-8.891917,-13.627557,,FDA
120,22.090738,32.78332,,FDA
121,-51.416065,0.9375935,,FDA
122,-17.97041,-7.7306952,,FDA
123,-55.37638,-15.168968,,FDA
124,-22.616451,76.65725,,FDA
125,-51.12016,3.9540024,,FDA
126,-51.79634,28.952478,,FDA
127,37.014416,17.390745,,FDA
128,29.381388,-21.77659,,FDA
129,5.476833,-28.00564,,FDA
130,-44.47372,-16.853863,,FDA
131,37.24318,50.52147,,FDA
132,-5.643638,15.396383,,FDA
133,-55.393963,26.422894,,FDA
134,-2.2667964,-53.115837,,FDA
135,-56.15952,-8.016572,,FDA
136,-18.108776,-25.26891,,FDA
137,-28.085552,60.919712,,FDA
138,47.312702,64.04498,,FDA
139,5.103428,-6.141055,,FDA
140,45.341652,62.247158,,FDA
141,-12.156793,-11.525946,,FDA
142,11.187938,19.201715,,FDA
143,-3.2087092,-52.925125,,FDA
144,8.172126,-32.719204,,FDA
145,-7.7129483,-0.8915642,,FDA
146,-15.419716,15.145796,,FDA
147,1.0221922,-56.756878,,FDA
148,30.74926,14.885637,,FDA
149,21.297571,4.988697,,FDA
150,4.9355454,8.670526,,FDA
151,80.31142,12.964041,,FDA
152,-5.221876,8.198594,,FDA
153,55.942062,-19.932966,,FDA
154,10.841301,52.035275,,FDA
155,-19.314232,8.961622,,FDA
156,4.5270247,-38.176903,,FDA
157,72.45145,12.938497,,FDA
158,36.065006,-29.54524,,FDA
159,8.615169,-17.242485,,FDA
160,-7.230189,-17.058964,,FDA
161,41.37627,35.69205,,FDA
162,39.278095,42.47189,,FDA
163,21.649776,1.9714925,,FDA
164,23.002422,20.051517,,FDA
165,-18.187416,28.136309,,FDA
166,-24.81392,-20.04627,,FDA
167,-7.74052,57.936363,,FDA
168,2.4020495,-21.256865,,FDA
169,23.156471,49.50767,,FDA
170,-20.042822,79.52562,,FDA
171,1.1558058,-13.288069,,FDA
172,-37.640938,21.080593,,FDA
173,25.111465,35.64329,,FDA
174,35.92465,-5.5427456,,FDA
175,28.99536,37.176098,,FDA
176,-46.921032,47.95087,,FDA
177,-64.60496,1.9680402,,FDA
178,5.490254,14.764645,,FDA
179,5.370065,15.00495,,FDA
180,-11.697672,2.5361671,,FDA
181,-18.300098,48.10332,,FDA
182,-18.742054,34.76377,,FDA
183,78.412605,-9.400228,,FDA
184,20.760088,28.13589,,FDA
185,64.27024,-11.088882,,FDA
186,-47.261307,47.74137,,FDA
187,15.050146,10.026266,,FDA
188,-52.53225,2.1371317,,FDA
189,23.231705,-8.929413,,FDA
190,23.217255,-28.443422,,FDA
191,17.66088,4.626631,,FDA
192,-8.030597,-51.890343,,FDA
193,-51.776554,0.6462811,,FDA
194,21.529146,23.660915,,FDA
195,8.872434,36.288193,,FDA
196,-27.274927,-59.868816,,FDA
197,11.64643,-1.1247505,,FDA
198,-34.762886,-32.963177,,FDA
199,-64.44658,2.0748951,,FDA
200,79.44501,-3.1436968,,FDA
201,42.305195,52.178852,,FDA
202,-45.392704,-34.60562,,FDA
203,-55.656155,26.655676,,FDA
204,-9.414153,-34.056572,,FDA
205,-16.769814,76.64148,,FDA
206,-1.7114226,-1.2565678,,FDA
207,-0.97466713,60.56138,,FDA
208,-64.53787,4.497909,,FDA
209,25.1242,12.862906,,FDA
210,-3.7529147,12.824742,,FDA
211,9.13095,1.7097917,,FDA
212,43.83654,27.015574,,FDA
213,20.180962,0.9419064,,FDA
214,-57.517406,-27.646093,,FDA
215,30.37602,15.651279,,FDA
216,-11.11135,-30.909956,,FDA
217,-36.873173,10.068268,,FDA
218,-48.022766,-11.441924,,FDA
219,7.2027044,-21.14415,,FDA
220,-59.328716,-38.779453,,FDA
221,-27.118958,-25.641434,,FDA
222,-68.47294,-26.164137,,FDA
223,-53.343716,-41.565296,,FDA
224,-25.73984,2.230086,,FDA
225,25.034126,-10.507414,,FDA
226,1.2834785,24.226795,,FDA
227,-21.503332,13.745436,,FDA
228,-10.221599,-36.7712,,FDA
229,-37.217476,-49.3256,,FDA
230,-14.266771,-1.26178,,FDA
231,-23.673979,58.65741,,FDA
232,-24.708073,-5.292142,,FDA
233,37.389618,51.03965,,FDA
234,-26.152876,-23.674732,,FDA
235,81.71308,17.389666,,FDA
236,-26.194014,-10.386555,,FDA
237,-15.498263,-27.571733,,FDA
238,1.780795,10.93697,,FDA
239,-2.3066075,-57.901424,,FDA
240,2.5329516,0.17904526,,FDA
241,18.42735,5.437744,,FDA
242,42.22104,17.649548,,FDA
243,-57.120956,-27.501757,,FDA
244,0.14790592,-40.000816,,FDA
245,28.524416,64.02708,,FDA
246,-1.4561368,-27.995035,,FDA
247,-46.156284,48.90216,,FDA
248,40.207817,6.480692,,FDA
249,-25.495699,25.27758,,FDA
250,-39.30177,-9.990104,,FDA
251,18.688494,13.191997,,FDA
252,-56.693977,-36.44694,,FDA
253,7.2080665,46.757874,,FDA
254,9.116432,44.582115,,FDA
255,-67.41335,-21.00165,,FDA
256,-14.902728,6.28426,,FDA
257,-26.725586,60.979866,,FDA
258,50.10833,9.164525,,FDA
259,-10.406752,-7.888736,,FDA
260,53.810467,-20.759201,,FDA
261,-10.356064,6.3056264,,FDA
262,-1.302216,32.362263,,FDA
263,-5.8540564,-11.245237,,FDA
264,44.878304,-35.06415,,FDA
265,-67.41316,-21.002165,,FDA
266,38.548313,7.318511,,FDA
267,17.090057,10.898325,,FDA
268,-56.26823,40.910984,,FDA
269,27.738983,-40.79538,,FDA
270,-56.581253,-42.608776,,FDA
271,58.69844,-18.50911,,FDA
272,-16.79076,82.19683,,FDA
273,18.81401,13.304984,,FDA
274,-28.97665,60.209057,,FDA
275,42.060932,2.14869,,FDA
276,0.37697303,-16.956167,,FDA
277,-18.363504,25.942413,,FDA
278,-3.21605,-0.1755656,,FDA
279,55.99244,-18.559433,,FDA
280,-18.54992,14.923514,,FDA
281,60.684425,30.623268,,FDA
282,-40.499947,-53.453873,,FDA
283,-0.23851737,-31.306887,,FDA
284,-20.220219,-46.386974,,FDA
285,-56.279808,-26.515022,,FDA
286,28.046455,-40.48521,,FDA
287,17.516987,38.973385,,FDA
288,1.2750034,37.17658,,FDA
289,-6.116399,-25.593307,,FDA
290,-7.4335756,11.29956,,FDA
291,6.3703547,-51.204033,,FDA
292,77.57074,-4.3035088,,FDA
293,-38.86075,-4.508491,,FDA
294,77.05556,-6.162214,,FDA
295,-52.78936,1.6783419,,FDA
296,-29.35935,11.187365,,FDA
297,-53.48253,-40.010403,,FDA
298,-27.71259,57.118748,,FDA
299,2.7364154,11.621901,,FDA
300,37.19765,16.29441,,FDA
301,44.51481,25.840694,,FDA
302,31.525017,-35.571953,,FDA
303,13.997791,14.472403,,FDA
304,2.5525084,-9.063149,,FDA
305,-36.37342,18.14182,,FDA
306,20.347477,46.221706,,FDA
307,74.68419,10.05013,,FDA
308,-15.116752,-0.34174168,,FDA
309,-55.834545,27.043962,,FDA
310,-55.849415,-36.776268,,FDA
311,-50.399914,-23.749163,,FDA
312,-2.3685489,-1.9928701,,FDA
313,-15.804398,-56.0215,,FDA
314,-7.9768467,0.52127934,,FDA
315,81.41722,15.736799,,FDA
316,46.507565,43.746254,,FDA
317,-17.173752,5.8821507,,FDA
318,-48.996548,25.28893,,FDA
319,-18.4586,47.14429,,FDA
320,-18.050343,79.51705,,FDA
321,-39.926186,5.7537417,,FDA
322,44.450333,-35.83868,,FDA
323,16.386787,57.88784,,FDA
324,78.1701,5.3859797,,FDA
325,-49.175262,-13.909165,,FDA
326,38.765736,8.095506,,FDA
327,3.9893749,-17.877697,,FDA
328,38.961803,41.93325,,FDA
329,-41.06275,20.13209,,FDA
330,22.064209,7.87448,,FDA
331,-50.035023,-20.262707,,FDA
332,79.50847,8.51553,,FDA
333,1.8941853,25.454716,,FDA
334,-51.215126,-40.245255,,FDA
335,-68.079155,34.576286,,FDA
336,18.204218,34.605396,,FDA
337,15.645485,-8.376113,,FDA
338,44.408997,28.234875,,FDA
339,9.81773,-43.00084,,FDA
340,24.661062,-6.511144,,FDA
341,26.081032,61.835785,,FDA
342,-30.690817,-28.192188,,FDA
343,21.098787,-35.49563,,FDA
344,-13.216888,37.58514,,FDA
345,35.425365,-0.42981163,,FDA
346,1.1850302,-13.48326,,FDA
347,28.391851,-6.393064,,FDA
348,-53.454914,2.704853,,FDA
349,-19.598143,-12.505453,,FDA
350,1.0386716,-12.577002,,FDA
351,-53.43878,-39.55485,,FDA
352,-25.97575,7.440537,,FDA
353,-43.10346,19.765411,,FDA
354,-33.408443,-4.216726,,FDA
355,-26.834822,-34.36468,,FDA
356,-3.7768135,-51.879536,,FDA
357,-4.931563,10.06284,,FDA
358,-37.260365,-14.395099,,FDA
359,78.433685,-9.189668,,FDA
360,-12.594598,38.06761,,FDA
361,27.16504,61.76469,,FDA
362,-5.535671,-13.6233425,,FDA
363,22.865286,-28.732822,,FDA
364,-13.7195635,-11.889982,,FDA
365,-29.36077,11.185633,,FDA
366,60.546715,10.0024605,,FDA
367,81.596535,13.015787,,FDA
368,-8.606841,-34.225006,,FDA
369,-57.198563,26.170776,,FDA
370,-67.09927,-18.932318,,FDA
371,-64.60534,7.075091,,FDA
372,-10.934611,-20.25764,,FDA
373,-7.0800595,-37.573135,,FDA
374,25.9069,4.7862096,,FDA
375,-18.805756,2.3370132,,FDA
376,3.9037118,-16.522919,,FDA
377,56.861916,1.5511271,,FDA
378,-57.647594,9.351642,,FDA
379,23.774235,-20.196705,,FDA
380,-53.95448,-39.170086,,FDA
381,38.961803,41.93325,,FDA
382,-56.164913,41.646908,,FDA
383,-14.411671,56.029316,,FDA
384,20.774393,38.21722,,FDA
385,-57.434807,8.501222,,FDA
386,41.599125,25.462555,,FDA
387,22.21339,13.791286,,FDA
388,61.19459,11.408176,,FDA
389,42.796898,18.037788,,FDA
390,6.5777464,44.98904,,FDA
391,-68.40074,33.330116,,FDA
392,-11.813822,-52.2317,,FDA
393,7.959983,-5.161857,,FDA
394,41.549805,-12.783959,,FDA
395,58.65012,-16.965218,,FDA
396,-22.401606,26.17027,,FDA
397,-33.603752,-32.7648,,FDA
398,-9.082754,7.852447,,FDA
399,-19.394352,-27.286497,,FDA
400,-5.513327,-45.331863,,FDA
401,12.674782,9.328514,,FDA
402,83.59368,12.124155,,FDA
403,7.484845,2.8945575,,FDA
404,27.425627,62.718536,,FDA
405,9.131494,29.074696,,FDA
406,-3.2327876,-23.215405,,FDA
407,-44.51086,-35.28034,,FDA
408,17.552969,5.0297103,,FDA
409,62.744125,13.9374075,,FDA
410,-56.17134,-26.347364,,FDA
411,-10.487496,-15.648994,,FDA
412,-18.437187,39.645565,,FDA
413,-19.20053,77.63269,,FDA
414,18.736221,37.98772,,FDA
415,12.342624,-14.20136,,FDA
416,-6.171912,10.861823,,FDA
417,11.080196,13.293504,,FDA
418,-53.452827,28.042385,,FDA
419,-4.877847,-5.9405017,,FDA
420,21.540794,-35.3632,,FDA
421,-8.3635235,-10.641946,,FDA
422,-27.518631,-7.483406,,FDA
423,-27.028732,-25.136494,,FDA
424,-1.5795541,54.771343,,FDA
425,-4.351867,-60.964573,,FDA
426,44.546658,66.79655,,FDA
427,-20.82185,-28.256737,,FDA
428,-13.258051,-55.391537,,FDA
429,29.647493,41.318214,,FDA
430,28.252073,-31.800037,,FDA
431,4.823196,34.967636,,FDA
432,25.924706,26.375175,,FDA
433,77.25487,6.343401,,FDA
434,-28.374527,-22.32723,,FDA
435,-32.405643,20.655174,,FDA
436,17.790958,4.9764485,,FDA
437,33.01223,17.1176,,FDA
438,44.514732,25.840706,,FDA
439,47.43406,-6.4605308,,FDA
440,49.36743,-25.612125,,FDA
441,-38.273777,-15.308402,,FDA
442,0.087425545,-58.45038,,FDA
443,-17.351093,48.711292,,FDA
444,78.53315,-5.2331924,,FDA
445,-21.945677,-14.894164,,FDA
446,27.518267,-68.38663,,FDA
447,-35.26667,22.441648,,FDA
448,-50.6835,-6.0074534,,FDA
449,8.0708,24.139868,,FDA
450,60.609776,13.878188,,FDA
451,-23.534294,16.55159,,FDA
452,43.085667,-21.909533,,FDA
453,-14.608621,77.72246,,FDA
454,37.379345,51.856064,,FDA
455,1.8160142,25.296686,,FDA
456,-17.38099,74.71207,,FDA
457,-20.646917,-8.369836,,FDA
458,-6.928599,7.6587286,,FDA
459,8.888729,7.4655027,,FDA
460,46.94449,63.789085,,FDA
461,-16.332064,78.10417,,FDA
462,16.292568,25.346775,,FDA
463,38.828503,4.2616625,,FDA
464,-52.37206,0.39922687,,FDA
465,10.764134,-5.106763,,FDA
466,-9.448076,26.619532,,FDA
467,-0.102161966,-0.032371916,,FDA
468,-24.479856,59.276184,,FDA
469,42.002052,-15.576301,,FDA
470,24.824833,6.4125695,,FDA
471,-15.754159,-53.43618,,FDA
472,77.35404,-7.343946,,FDA
473,-35.610275,-7.134494,,FDA
474,-35.208,-11.021654,,FDA
475,41.73006,2.9628866,,FDA
476,-61.264023,9.868834,,FDA
477,31.461664,14.916837,,FDA
478,-35.321625,-7.6870394,,FDA
479,21.174345,-43.38168,,FDA
480,-21.500116,13.73264,,FDA
481,45.247166,64.54719,,FDA
482,10.700344,-28.98224,,FDA
483,-18.418741,79.03905,,FDA
484,-36.38478,42.753895,,FDA
485,58.75314,-17.611347,,FDA
486,-54.68878,-37.36402,,FDA
487,-29.462713,59.392197,,FDA
488,-27.05363,-8.903737,,FDA
489,59.092365,41.40466,,FDA
490,10.62175,-23.951624,,FDA
491,-42.15599,-47.25306,,FDA
492,5.351963,0.949238,,FDA
493,-18.150057,28.222216,,FDA
494,-50.93639,29.547365,,FDA
495,-6.621172,35.222786,,FDA
496,4.3833036,-1.5554836,,FDA
497,0.6164332,-53.297333,,FDA
498,-23.345566,70.20865,,FDA
499,-2.7297523,24.53545,,FDA
500,7.260006,-14.399448,,FDA
501,-34.4691,25.366884,,FDA
502,-57.916706,-13.518014,,FDA
503,-49.02902,30.915596,,FDA
504,-11.5688305,48.618755,,FDA
505,28.968716,38.59151,,FDA
506,22.23054,13.780876,,FDA
507,61.73482,22.619802,,FDA
508,-25.527105,-30.96493,,FDA
509,-23.662771,38.59781,,FDA
510,22.0847,-0.100294024,,FDA
511,-24.16226,-12.864197,,FDA
512,-57.020115,25.093212,,FDA
513,31.438797,44.12209,,FDA
514,-4.1526403,-17.435696,,FDA
515,-57.307316,10.434865,,FDA
516,-0.9598625,-47.78214,,FDA
517,23.986908,47.798695,,FDA
518,-39.38676,55.44242,,FDA
519,-43.775024,-21.813803,,FDA
520,-11.413837,-9.520964,,FDA
521,-16.386179,8.737318,,FDA
522,-2.4479308,-36.145893,,FDA
523,-13.093849,-10.180529,,FDA
524,17.826923,0.5588091,,FDA
525,34.487576,-17.137852,,FDA
526,-16.683338,77.597626,,FDA
527,-2.6497936,-60.690357,,FDA
528,-7.300175,-37.351913,,FDA
529,61.828327,22.581583,,FDA
530,39.217922,6.8996563,,FDA
531,-26.643154,-59.397717,,FDA
532,-50.320774,-28.489544,,FDA
533,83.39779,12.334903,,FDA
534,5.1540327,-48.012684,,FDA
535,-34.307026,7.3066087,,FDA
536,-62.86646,2.2603455,,FDA
537,-2.9942105,-22.895046,,FDA
538,31.157183,-6.1285915,,FDA
539,-23.999378,32.63657,,FDA
540,35.868156,-31.529682,,FDA
541,-60.22955,-36.003815,,FDA
542,-56.387547,-34.185196,,FDA
543,-23.638828,38.349983,,FDA
544,5.412599,9.783828,,FDA
545,-37.89079,-55.386326,,FDA
546,-42.33521,18.877493,,FDA
547,22.67472,62.373417,,FDA
548,-2.2782285,-40.21061,,FDA
549,-17.827793,69.349304,,FDA
550,-14.173949,43.044273,,FDA
551,78.25416,7.448234,,FDA
552,-36.821114,-53.4521,,FDA
553,59.585842,12.732969,,FDA
554,-16.039822,-19.3783,,FDA
555,-8.771881,20.512627,,FDA
556,43.95978,-36.010372,,FDA
557,31.068146,-19.716228,,FDA
558,41.35422,52.14727,,FDA
559,-38.22903,-14.570081,,FDA
560,-11.262645,-29.893099,,FDA
561,14.489823,-24.629541,,FDA
562,-27.563288,56.572124,,FDA
563,55.471573,-3.9125564,,FDA
564,9.776396,15.0852165,,FDA
565,-64.17065,8.9677305,,FDA
566,21.578657,-28.327219,,FDA
567,54.660187,6.098988,,FDA
568,25.9088,9.541591,,FDA
569,-49.291386,23.368013,,FDA
570,-18.058449,29.148724,,FDA
571,2.3625038,15.857377,,FDA
572,47.77608,-7.4160066,,FDA
573,78.40425,-8.533133,,FDA
574,16.419302,-21.836285,,FDA
575,-12.031871,-7.499065,,FDA
576,18.015009,18.489902,,FDA
577,-45.122925,49.99885,,FDA
578,-19.04477,34.41837,,FDA
579,-50.226795,-22.297373,,FDA
580,-21.706455,24.804045,,FDA
581,37.86988,-12.925483,,FDA
582,60.26445,15.373174,,FDA
583,14.2399025,-6.2884884,,FDA
584,48.371872,7.8596463,,FDA
585,42.504272,25.17018,,FDA
586,-54.666138,-43.68261,,FDA
587,-14.7355,-32.865223,,FDA
588,-25.038761,46.95649,,FDA
589,-31.307713,-0.03460385,,FDA
590,49.4608,11.397648,,FDA
591,4.980664,35.12513,,FDA
592,-12.544171,9.484184,,FDA
593,-38.7472,-39.74714,,FDA
594,-43.597588,-8.064054,,FDA
595,-47.94488,-11.340411,,FDA
596,-26.197748,-23.675531,,FDA
597,6.549238,2.421289,,FDA
598,75.390434,-5.5934305,,FDA
599,-1.2256501,-19.425514,,FDA
600,-27.32156,68.82813,,FDA
601,-3.0681021,56.754105,,FDA
602,9.172821,32.190193,,FDA
603,21.69006,-16.770454,,FDA
604,53.586708,16.12808,,FDA
605,21.659554,38.96054,,FDA
606,44.89558,27.048328,,FDA
607,0.7302672,-29.333364,,FDA
608,16.933998,16.447813,,FDA
609,24.75516,20.300356,,FDA
610,-39.223476,-9.017974,,FDA
611,-10.391106,-22.375599,,FDA
612,-29.473227,-2.9313574,,FDA
613,-10.320934,-25.462694,,FDA
614,-68.40074,33.330116,,FDA
615,-18.190794,-14.639523,,FDA
616,47.907387,24.011278,,FDA
617,-11.950136,23.250256,,FDA
618,45.549984,63.36168,,FDA
619,64.413605,-11.135474,,FDA
620,-15.61969,-8.631725,,FDA
621,-40.051388,0.2550084,,FDA
622,-13.538978,2.7743912,,FDA
623,-16.615524,80.86842,,FDA
624,43.01058,13.640625,,FDA
625,17.488764,30.703165,,FDA
626,-44.971443,-33.15991,,FDA
627,-27.283924,67.72528,,FDA
628,18.708359,49.30692,,FDA
629,1.4565986,29.863972,,FDA
630,15.720765,11.218612,,FDA
631,-39.89128,5.756633,,FDA
632,-15.241217,-55.539577,,FDA
633,25.642418,16.350506,,FDA
634,28.177563,-32.167706,,FDA
635,-57.631145,-42.758747,,FDA
636,-42.414562,9.942565,,FDA
637,26.76086,59.178284,,FDA
638,31.139849,3.5944188,,FDA
639,1.4719397,41.32635,,FDA
640,-40.530945,56.727795,,FDA
641,38.52157,-22.616776,,FDA
642,-18.0122,48.25645,,FDA
643,46.535877,-6.148411,,FDA
644,8.910994,30.778912,,FDA
645,61.710705,11.210559,,FDA
646,-10.5709505,-15.711215,,FDA
647,-4.4332623,-28.711407,,FDA
648,-17.357317,-3.1741838,,FDA
649,-18.21111,-26.330301,,FDA
650,-14.621357,-86.75066,,FDA
651,38.646664,-28.721746,,FDA
652,-16.217999,-17.862837,,FDA
653,-46.061676,15.777177,,FDA
654,33.932644,-9.166988,,FDA
655,-19.629925,-17.027166,,FDA
656,-37.92883,-52.631466,,FDA
657,25.981035,9.632488,,FDA
658,29.43593,29.748594,,FDA
659,21.311102,10.724178,,FDA
660,-23.887442,-30.82877,,FDA
661,-5.3064604,-18.499262,,FDA
662,37.28656,-13.791953,,FDA
663,-6.6670494,-50.794212,,FDA
664,39.76778,-0.8431509,,FDA
665,-66.29212,-20.980972,,FDA
666,-48.93688,27.866665,,FDA
667,-4.767016,21.062725,,FDA
668,28.154987,5.5190606,,FDA
669,22.122845,-35.226383,,FDA
670,4.7956986,-41.369545,,FDA
671,36.41736,6.890802,,FDA
672,26.664062,59.262383,,FDA
673,5.388358,-1.8068868,,FDA
674,10.226324,14.589029,,FDA
675,-12.457668,-25.879284,,FDA
676,46.37063,-4.9142056,,FDA
677,-21.335896,7.2233453,,FDA
678,-46.1459,51.156345,,FDA
679,-8.181529,-17.283588,,FDA
680,0.8374679,0.529285,,FDA
681,-23.59406,37.886116,,FDA
682,16.441755,18.176117,,FDA
683,-23.251564,25.13561,,FDA
684,-37.63934,-51.054558,,FDA
685,-15.1512,-22.778605,,FDA
686,-55.110077,-37.562218,,FDA
687,-11.651708,-25.200033,,FDA
688,77.8455,6.012674,,FDA
689,-44.64058,43.893345,,FDA
690,-0.2383846,-31.306845,,FDA
691,3.9354534,-15.234182,,FDA
692,-19.356308,76.378265,,FDA
693,4.9661903,-50.26539,,FDA
694,43.6016,7.6602135,,FDA
695,-41.926746,-47.54311,,FDA
696,10.538851,-13.947076,,FDA
697,-62.936596,9.410161,,FDA
698,-1.0800403,-9.966045,,FDA
699,-19.859898,73.09444,,FDA
700,-17.813606,9.42751,,FDA
701,-9.747124,-22.59535,,FDA
702,-18.996994,-26.864635,,FDA
703,-55.169453,-36.61374,,FDA
704,9.863142,8.532019,,FDA
705,43.614563,1.4117963,,FDA
706,11.398971,5.0776606,,FDA
707,-57.467617,8.918008,,FDA
708,16.3328,33.438126,,FDA
709,-2.8313878,17.924131,,FDA
710,-43.566944,-8.060187,,FDA
711,28.063179,26.816206,,FDA
712,-25.312323,72.28868,,FDA
713,28.289612,-22.493935,,FDA
714,-10.3701105,-45.45881,,FDA
715,-23.534203,16.552385,,FDA
716,-36.87425,10.069369,,FDA
717,51.516567,2.165866,,FDA
718,44.912647,3.000661,,FDA
719,36.70886,-10.38263,,FDA
720,-22.931072,-52.137127,,FDA
721,49.07814,-4.7709775,,FDA
722,35.73281,7.9795756,,FDA
723,17.901062,-6.4064326,,FDA
724,-27.349918,72.434006,,FDA
725,36.51341,15.982054,,FDA
726,-50.805325,-34.263264,,FDA
727,23.703827,-7.670476,,FDA
728,-50.278057,11.024434,,FDA
729,-2.0693016,-11.974864,,FDA
730,-49.67265,23.085117,,FDA
731,-14.0227,-54.64041,,FDA
732,59.795574,12.815721,,FDA
733,-2.836439,-22.12462,,FDA
734,-33.069202,11.085374,,FDA
735,-19.748926,27.10429,,FDA
736,-22.597647,-1.1431675,,FDA
737,31.401499,-27.114132,,FDA
738,-8.549003,8.433984,,FDA
739,44.917274,21.90954,,FDA
740,5.008977,-5.4315047,,FDA
741,-2.4280298,-57.91006,,FDA
742,37.089928,-13.706367,,FDA
743,-33.134262,54.630756,,FDA
744,-25.560366,73.56884,,FDA
745,-40.367786,-54.123234,,FDA
746,-5.16286,11.278192,,FDA
747,25.600283,9.173735,,FDA
748,-47.689564,23.13124,,FDA
749,-58.936356,-38.650135,,FDA
750,18.524332,17.269947,,FDA
751,-13.232521,-15.614824,,FDA
752,21.496489,47.73101,,FDA
753,14.886906,15.875378,,FDA
754,40.73624,21.617594,,FDA
755,-30.69063,-28.19201,,FDA
756,-4.0063715,-9.849974,,FDA
757,-75.73593,16.292616,,FDA
758,-15.749973,-41.943733,,FDA
759,29.558777,-2.5109088,,FDA
760,22.490202,7.350081,,FDA
761,30.880219,3.9810739,,FDA
762,-25.129086,7.104084,,FDA
763,-15.924943,-41.766354,,FDA
764,18.947676,48.922115,,FDA
765,-26.626045,-59.496372,,FDA
766,-30.06531,16.764212,,FDA
767,-49.172844,-23.516584,,FDA
768,-63.717834,10.376826,,FDA
769,-2.4768791,-3.3418186,,FDA
770,76.86363,11.452261,,FDA
771,-45.917793,-34.814243,,FDA
772,52.531002,2.6760383,,FDA
773,-4.661884,-33.265594,,FDA
774,-49.54489,27.588932,,FDA
775,18.216465,50.75252,,FDA
776,47.352535,63.993896,,FDA
777,48.324467,-23.689116,,FDA
778,-60.2414,-36.000607,,FDA
779,-25.764952,2.2576568,,FDA
780,-18.343166,-19.603489,,FDA
781,27.625626,-17.736898,,FDA
782,26.241564,-3.9282625,,FDA
783,39.63285,10.370865,,FDA
784,39.291367,-22.568735,,FDA
785,1.4680723,41.319054,,FDA
786,-5.0330806,39.781307,,FDA
787,-67.41335,-21.00165,,FDA
788,-48.501328,23.594656,,FDA
789,-18.679571,40.654243,,FDA
790,24.431915,-20.655436,,FDA
791,5.2103443,9.34306,,FDA
792,-41.614525,56.44062,,FDA
793,79.94639,-3.4104948,,FDA
794,51.7009,14.535257,,FDA
795,-68.4618,-26.171083,,FDA
796,19.464682,-13.492381,,FDA
797,-25.349215,-59.174004,,FDA
798,-27.323997,-58.92231,,FDA
799,-47.288326,16.690878,,FDA
800,-64.479546,4.2508316,,FDA
801,-47.126053,50.177063,,FDA
802,-22.86067,72.66019,,FDA
803,33.154755,17.333431,,FDA
804,5.7877517,14.203224,,FDA
805,14.515417,17.815289,,FDA
806,60.328285,-6.6662126,,FDA
807,-38.45649,-15.32332,,FDA
808,35.39717,-28.37316,,FDA
809,-50.034653,-20.402683,,FDA
810,42.989414,13.258581,,FDA
811,-13.218436,-15.625681,,FDA
812,0.51804465,-5.2467217,,FDA
813,-8.199574,-4.5570383,,FDA
814,-24.56054,-21.703018,,FDA
815,-12.948279,13.471397,,FDA
816,10.479794,30.918303,,FDA
817,-3.3123202,8.397618,,FDA
818,-42.78832,11.817383,,FDA
819,-41.948048,53.50616,,FDA
820,26.887648,64.063416,,FDA
821,0.65535015,-25.162855,,FDA
822,-6.719639,5.9422336,,FDA
823,11.516618,12.282461,,FDA
824,-68.40074,33.330116,,FDA
825,38.321198,2.0104115,,FDA
826,-34.17313,62.833145,,FDA
827,2.1950421,-25.48993,,FDA
828,0.332807,30.655579,,FDA
829,-48.811832,26.051037,,FDA
830,43.423077,9.152793,,FDA
831,-18.888689,41.57729,,FDA
832,-33.230324,54.081764,,FDA
833,29.861795,8.983576,,FDA
834,15.480678,33.667923,,FDA
835,-24.105764,-3.0298963,,FDA
836,4.6830187,21.353174,,FDA
837,19.509483,27.08367,,FDA
838,44.45054,-35.8389,,FDA
839,11.660994,7.0111876,,FDA
840,-14.768053,-54.975395,,FDA
841,76.64531,-5.1135993,,FDA
842,36.631332,9.839098,,FDA
843,5.3702207,15.0049925,,FDA
844,38.26137,16.206867,,FDA
845,-18.714867,48.941086,,FDA
846,11.707245,8.249867,,FDA
847,-15.934893,0.6702924,,FDA
848,-56.88129,-15.75532,,FDA
849,5.598753,-40.048912,,FDA
850,48.408756,-6.4076076,,FDA
851,7.056477,-6.398422,,FDA
852,10.893902,-23.003798,,FDA
853,49.735107,-26.358616,,FDA
854,-17.33599,81.68127,,FDA
855,29.535292,-23.613861,,FDA
856,0.18338756,-57.090305,,FDA
857,7.4716034,-51.40575,,FDA
858,45.01999,65.706696,,FDA
859,10.392014,2.4170482,,FDA
860,5.7980256,25.418705,,FDA
861,-33.059895,11.125613,,FDA
862,-15.02778,-53.68516,,FDA
863,-13.133073,19.691761,,FDA
864,54.188282,-20.0493,,FDA
865,-14.171245,43.04536,,FDA
866,31.903671,-22.244051,,FDA
867,-56.522198,-8.370957,,FDA
868,-27.563107,-4.8815355,,FDA
869,35.78093,-31.56398,,FDA
870,-40.048645,0.25500688,,FDA
871,10.414805,7.410205,,FDA
872,23.329428,-10.815362,,FDA
873,-24.67241,-5.252053,,FDA
874,42.04145,-13.384733,,FDA
875,42.01833,-3.2017224,,FDA
876,51.4478,1.5295051,,FDA
877,-2.762016,24.925978,,FDA
878,-32.948597,-4.382086,,FDA
879,46.97054,14.333497,,FDA
880,-24.965252,6.779224,,FDA
881,27.15872,64.99695,,FDA
882,20.035046,-43.13605,,FDA
883,16.679436,40.772255,,FDA
884,-16.968697,74.964355,,FDA
885,-44.784477,28.58459,,FDA
886,47.623596,-3.873088,,FDA
887,29.205015,-12.083059,,FDA
888,76.551025,-6.112564,,FDA
889,58.651382,-18.121176,,FDA
890,23.809885,20.153378,,FDA
891,-3.202776,40.2628,,FDA
892,5.265967,4.6318374,,FDA
893,27.040663,62.03745,,FDA
894,77.49063,-4.2365355,,FDA
895,79.48592,-3.3523142,,FDA
896,-0.777315,32.48233,,FDA
897,-55.140568,-35.890736,,FDA
898,39.03712,6.186132,,FDA
899,-0.28671792,20.883892,,FDA
900,82.55144,12.76365,,FDA
901,7.6805625,-51.16917,,FDA
902,-31.180855,-50.469757,,FDA
903,-56.836754,-42.56568,,FDA
904,-74.7395,15.875304,,FDA
905,50.06824,3.1165564,,FDA
906,-49.840134,30.0815,,FDA
907,-24.084494,-7.8022065,,FDA
908,0.6200149,-26.330942,,FDA
909,46.398262,41.44273,,FDA
910,-20.89612,25.816053,,FDA
911,-56.2454,40.609924,,FDA
912,-1.108742,21.048056,,FDA
913,31.73215,36.601852,,FDA
914,4.5998516,-12.193149,,FDA
915,-35.65971,20.689638,,FDA
916,11.873334,41.440487,,FDA
917,-21.736814,-22.15428,,FDA
918,-6.3207483,4.674691,,FDA
919,34.506042,-10.144879,,FDA
920,-31.476727,-18.610268,,FDA
921,17.641598,47.575333,,FDA
922,-5.810583,29.071241,,FDA
923,-10.224785,1.9058977,,FDA
924,-44.05334,-8.089626,,FDA
925,-57.361725,41.671932,,FDA
926,-1.6673925,-5.4198785,,FDA
927,46.485786,42.529987,,FDA
928,-13.45009,-37.03779,,FDA
929,13.659815,-1.7809266,,FDA
930,46.509712,43.964558,,FDA
931,-8.020613,-6.1667533,,FDA
932,-31.00591,-11.000331,,FDA
933,8.149916,40.058426,,FDA
934,40.57093,8.167234,,FDA
935,28.877981,-154.69077,,FDA
936,-22.793978,-13.65207,,FDA
937,21.755753,-3.3429158,,FDA
938,-46.99062,0.61189294,,FDA
939,-30.336382,57.85873,,FDA
940,-56.709396,-15.2763195,,FDA
941,57.838894,41.10273,,FDA
942,80.95266,11.116177,,FDA
943,-16.601315,-12.557781,,FDA
944,0.36170402,-30.572777,,FDA
945,55.98801,-18.6632,,FDA
946,27.676964,1.5743881,,FDA
947,-23.188425,-16.248474,,FDA
948,14.782151,2.1695752,,FDA
949,-23.233166,-11.176615,,FDA
950,4.9202757,-50.271393,,FDA
951,27.525503,3.3816125,,FDA
952,23.92771,3.9595618,,FDA
953,-7.236437,-11.597659,,FDA
954,5.1362214,-48.151108,,FDA
955,-11.360518,-20.067986,,FDA
956,-31.646807,45.62449,,FDA
957,-57.22082,-14.8246,,FDA
958,-6.271951,-38.279877,,FDA
959,-49.433926,-13.588491,,FDA
960,-27.53319,72.36705,,FDA
961,-2.0453117,-11.942516,,FDA
962,-6.1421113,-25.560692,,FDA
963,-27.120281,22.960466,,FDA
964,4.131433,34.236988,,FDA
965,35.45055,16.829618,,FDA
966,25.333172,67.846565,,FDA
967,-5.2209816,20.700748,,FDA
968,79.1092,8.687672,,FDA
969,76.91063,6.5781894,,FDA
970,42.03339,17.524557,,FDA
971,-45.242775,-33.738567,,FDA
972,-18.91594,11.6714525,,FDA
973,-7.586897,-51.307755,,FDA
974,-1.6443934,-52.19002,,FDA
975,5.6000004,-28.135384,,FDA
976,78.737885,-8.943099,,FDA
977,30.296175,-16.942719,,FDA
978,-43.7752,-21.817333,,FDA
979,76.70837,7.053002,,FDA
980,-50.455383,-40.28639,,FDA
981,-57.5627,-16.040426,,FDA
982,-53.04137,1.2067924,,FDA
983,24.912004,62.237556,,FDA
984,23.41424,-4.9735045,,FDA
985,-17.322294,6.01572,,FDA
986,-8.435316,9.956042,,FDA
987,-27.239786,-3.7788253,,FDA
988,20.263063,47.305977,,FDA
989,38.62464,-14.904651,,FDA
990,1.6702234,25.006533,,FDA
991,-14.680082,-8.315761,,FDA
992,25.333172,67.846565,,FDA
993,-43.002674,-2.50122,,FDA
994,-55.917316,-7.7960095,,FDA
995,19.281889,-12.345839,,FDA
996,-6.294131,-1.297735,,FDA
997,-27.814484,-12.606005,,FDA
998,-22.38702,-31.241747,,FDA
999,-42.353004,19.265877,,FDA
1000,0.3930134,-26.558924,,FDA
1001,-18.324856,-26.170961,,FDA
1002,-36.29694,-1.7134608,,FDA
1003,-24.65098,-22.999544,,FDA
1004,43.647324,-36.190754,,FDA
1005,-22.272835,-18.007284,,FDA
1006,-37.935783,5.931467,,FDA
1007,-5.2440476,29.458492,,FDA
1008,-9.717985,4.4379444,,FDA
1009,35.053047,14.514411,,FDA
1010,-63.976936,8.143006,,FDA
1011,-30.853224,-10.527239,,FDA
1012,-17.766428,69.32699,,FDA
1013,-5.717627,14.982088,,FDA
1014,12.455042,43.32381,,FDA
1015,-1.9124087,1.1256047,,FDA
1016,-29.564032,-2.812821,,FDA
1017,-13.320822,26.966423,,FDA
1018,49.367886,-25.612137,,FDA
1019,-64.554855,7.5919847,,FDA
1020,30.783134,18.872658,,FDA
1021,-22.933233,-52.13715,,FDA
1022,-24.5295,-7.9161386,,FDA
1023,-40.950092,58.94777,,FDA
1024,58.293056,15.740051,,FDA
1025,-18.54953,14.923602,,FDA
1026,-39.429634,-4.513236,,FDA
1027,41.091686,53.016678,,FDA
1028,19.936464,-43.169712,,FDA
1029,21.804628,16.826786,,FDA
1030,7.2262244,45.48626,,FDA
1031,18.650246,-21.096226,,FDA
1032,35.089214,-8.220671,,FDA
1033,-15.415792,15.145181,,FDA
1034,28.79329,64.38624,,FDA
1035,-56.303787,10.218758,,FDA
1036,6.6520777,45.100883,,FDA
1037,-42.638157,10.816593,,FDA
1038,80.61115,13.116112,,FDA
1039,-9.426136,-6.4845357,,FDA
1040,31.039555,17.304533,,FDA
1041,-39.84392,-52.51089,,FDA
1042,-31.64715,45.62761,,FDA
1043,-16.986925,2.3724823,,FDA
1044,-8.488018,12.97508,,FDA
1045,-11.28831,-29.723286,,FDA
1046,20.666151,-42.544437,,FDA
1047,-28.542337,0.6888382,,FDA
1048,-25.410606,74.880424,,FDA
1049,-7.2411895,-17.158365,,FDA
1050,-55.455643,-28.534983,,FDA
1051,4.245448,34.361702,,FDA
1052,19.735867,1.5507047,,FDA
1053,13.382365,-9.472504,,FDA
1054,51.42352,-11.916902,,FDA
1055,-9.796303,-20.3196,,FDA
1056,-67.00548,-22.004923,,FDA
1057,40.511696,-7.168925,,FDA
1058,41.989357,-14.366592,,FDA
1059,-18.050343,79.51705,,FDA
1060,46.729053,13.064827,,FDA
1061,-26.32869,-1.2447305,,FDA
1062,0.93034685,-26.697763,,FDA
1063,-43.986973,-3.0432942,,FDA
1064,-47.915676,-34.936142,,FDA
1065,18.348587,47.888813,,FDA
1066,18.092588,20.05252,,FDA
1067,-51.366993,-39.953087,,FDA
1068,-33.86285,-22.327227,,FDA
1069,-14.5342455,-18.450539,,FDA
1070,-4.7348247,40.61071,,FDA
1071,-55.596367,-43.451546,,FDA
1072,28.736155,2.9783118,,FDA
1073,51.42297,-11.919395,,FDA
1074,8.313695,58.56659,,FDA
1075,29.36397,-23.02625,,FDA
1076,6.7484994,-52.13218,,FDA
1077,37.46862,51.251457,,FDA
1078,6.382749,13.212489,,FDA
1079,53.182358,11.025441,,FDA
1080,1.7054316,13.749235,,FDA
1081,-32.429466,-32.794956,,FDA
1082,-25.16675,74.660416,,FDA
1083,23.169361,32.694115,,FDA
1084,-52.607677,27.612001,,FDA
1085,-55.2886,-7.262003,,FDA
1086,55.368015,-3.5869703,,FDA
1087,-56.369385,26.037558,,FDA
1088,-38.74843,-39.749092,,FDA
1089,43.043503,-13.071525,,FDA
1090,-14.553891,-7.6374526,,FDA
1091,38.321198,2.0104115,,FDA
1092,-7.3927174,-10.254166,,FDA
1093,61.697372,26.04342,,FDA
1094,-49.096348,29.662325,,FDA
1095,53.64192,22.195871,,FDA
1096,43.74918,-21.963259,,FDA
1097,61.06622,24.937984,,FDA
1098,36.474476,6.458036,,FDA
1099,35.88211,10.291435,,FDA
1100,-10.783788,9.79772,,FDA
1101,-35.73286,18.740845,,FDA
1102,30.198587,16.299152,,FDA
1103,-1.2102019,-56.4558,,FDA
1104,-2.526524,-61.232742,,FDA
1105,45.398224,62.662773,,FDA
1106,-2.1337595,37.388866,,FDA
1107,55.533012,-4.1073484,,FDA
1108,-23.165123,20.590857,,FDA
1109,-5.1301093,-3.8638332,,FDA
1110,-13.828506,-51.8257,,FDA
1111,-12.186312,-52.289017,,FDA
1112,75.698105,10.948306,,FDA
1113,77.38017,10.677326,,FDA
1114,76.004486,11.325018,,FDA
1115,74.68072,10.034712,,FDA
1116,72.41797,13.002967,,FDA
1117,80.32234,8.336521,,FDA
1118,83.1801,13.805817,,FDA
1119,76.40256,5.8509917,,FDA
1120,-38.871872,-4.508773,,FDA
1121,-24.59143,45.6636,,FDA
1122,-25.148981,45.550945,,FDA
1123,-24.833368,45.807175,,FDA
1124,62.309505,13.909247,,FDA
1125,-14.068022,-3.752774,,FDA
1126,-30.446377,-28.618214,,FDA
1127,60.609463,12.98244,,FDA
1128,-48.90317,1.1077359,,FDA
1129,-48.752308,1.0712515,,FDA
1130,-42.117126,53.561935,,FDA
1131,7.072522,45.849277,,FDA
1132,8.34444,58.567577,,FDA
1133,43.61431,1.4104526,,FDA
1134,32.396915,0.9904914,,FDA
1135,35.8985,3.4314198,,FDA
1136,-3.1954098,-7.8508577,,FDA
1137,-9.321768,-26.15044,,FDA
1138,-11.668921,1.9246336,,FDA
1139,-10.733656,-3.5816283,,FDA
1140,-20.572872,0.62525254,,FDA
1141,-15.445633,-1.4747888,,FDA
1142,-24.821228,68.51945,,FDA
1143,-3.9764194,-59.003735,,FDA
1144,14.307687,22.522125,,FDA
1145,-6.29094,28.7322,,FDA
1146,-3.5429516,25.58574,,FDA
1147,12.030616,13.741985,,FDA
1148,-27.516396,58.273125,,FDA
1149,-56.405907,41.45878,,FDA
1150,26.846298,-19.136099,,FDA
1151,-18.62745,40.42956,,FDA
1152,4.463119,39.45257,,FDA
1153,-55.721836,-43.767242,,FDA
1154,-43.303783,51.940407,,FDA
1155,35.365116,8.217093,,FDA
1156,43.96928,29.449081,,FDA
1157,-26.308174,75.1913,,FDA
1158,81.801155,14.344987,,FDA
1159,83.85985,13.943095,,FDA
1160,81.68491,13.252663,,FDA
1161,5.5701604,10.131179,,FDA
1162,36.12281,-23.109304,,FDA
1163,-31.705498,60.391613,,FDA
1164,-41.09584,20.105808,,FDA
1165,-32.325905,-42.63594,,FDA
1166,-3.1227992,10.594368,,FDA
1167,-9.003364,-12.923107,,FDA
1168,23.975058,-14.840482,,FDA
1169,-28.03269,-21.184767,,FDA
1170,-31.004576,-40.361034,,FDA
1171,-74.65691,18.276325,,FDA
1172,-15.72204,-27.663221,,FDA
1173,-7.3544292,-8.200733,,FDA
1174,19.28507,36.981255,,FDA
1175,-65.40741,1.9723419,,FDA
1176,-30.972752,-40.485203,,FDA
1177,4.41103,-12.123152,,FDA
1178,-35.587456,-52.10091,,FDA
1179,-64.23868,3.1957111,,FDA
1180,-30.374378,-50.276657,,FDA
1181,-36.39873,-50.809986,,FDA
1182,-7.275098,-3.3138235,,FDA
1183,-21.959988,0.42948467,,FDA
1184,-21.205933,3.307156,,FDA
1185,49.397465,8.797958,,FDA
1186,52.301376,6.3002996,,FDA
1187,-14.975582,-22.709036,,FDA
1188,32.900627,16.850695,,FDA
1189,-1.3278003,-57.833958,,FDA
1190,-1.0141017,-57.73918,,FDA
1191,39.26759,42.86707,,FDA
1192,3.5817485,69.59515,,FDA
1193,-36.8237,-48.506176,,FDA
1194,-38.19036,-52.18906,,FDA
1195,-37.44571,-53.933098,,FDA
1196,-50.279984,11.02557,,FDA
1197,8.9224615,17.037886,,FDA
1198,-10.57768,-0.5064171,,FDA
1199,-9.740564,-0.89139634,,FDA
1200,-31.05034,-50.438232,,FDA
1201,30.958448,33.75934,,FDA
1202,29.786491,24.807726,,FDA
1203,-14.227077,8.486268,,FDA
1204,49.65121,-5.95651,,FDA
1205,50.733734,8.133491,,FDA
1206,76.91746,-3.1550026,,FDA
1207,77.80375,-6.991007,,FDA
1208,76.23906,-2.424017,,FDA
1209,75.29448,-1.8245312,,FDA
1210,25.220276,42.75911,,FDA
1211,79.44113,-5.7178774,,FDA
1212,-56.816517,-37.65256,,FDA
1213,24.999454,-8.183769,,FDA
1214,-17.297161,48.96272,,FDA
1215,-35.651215,-7.068285,,FDA
1216,10.480544,39.558323,,FDA
1217,-14.735217,-32.865307,,FDA
1218,28.651785,6.761838,,FDA
1219,-7.7292013,4.577135,,FDA
1220,-12.462395,-21.560152,,FDA
1221,-0.5025758,-30.664177,,FDA
1222,-56.20067,-38.82628,,FDA
1223,-50.248413,-33.612614,,FDA
1224,-50.63484,-34.217274,,FDA
1225,22.140078,1.8137784,,FDA
1226,51.39432,0.9382398,,FDA
1227,-13.32853,26.960512,,FDA
1228,0.9261269,-46.669422,,FDA
1229,-23.92959,23.141224,,FDA
1230,-3.067873,56.75399,,FDA
1231,18.814377,-14.03222,,FDA
1232,-38.959755,28.959347,,FDA
1233,-32.251827,52.008427,,FDA
1234,-5.143135,41.114964,,FDA
1235,-26.8653,15.244025,,FDA
1236,101.109535,116.81285,,FDA
1237,29.66208,51.129803,,FDA
1238,-1.2935754,14.059882,,FDA
1239,-5.519849,56.76629,,FDA
1240,-1.6093118,-37.051582,,FDA
1241,-19.02145,21.036406,,FDA
1242,37.434574,-22.798578,,FDA
1243,-75.39709,17.347216,,FDA
1244,1.813791,1.4716717,,FDA
1245,23.944431,-9.698502,,FDA
1246,5.778594,-2.3288512,,FDA
1247,20.951292,37.80537,,FDA
1248,15.93365,36.57204,,FDA
1249,52.719425,21.008307,,FDA
1250,2.954067,70.05965,,FDA
1251,10.586617,-23.923897,,FDA
1252,-10.698135,17.475784,,FDA
1253,4.452374,-4.229802,,FDA
1254,-34.38944,25.591846,,FDA
1255,-31.49392,51.899868,,FDA
1256,36.177864,36.3694,,FDA
1257,31.393736,-27.118536,,FDA
1258,54.64037,32.34363,,FDA
1259,15.30481,40.748264,,FDA
1260,18.488686,29.91214,,FDA
1261,0.5402876,7.452813,,FDA
1262,1.2465222,37.24682,,FDA
1263,-45.91685,34.428318,,FDA
1264,13.444243,16.032503,,FDA
1265,-5.378942,11.621616,,FDA
1266,15.305738,40.746532,,FDA
1267,17.985752,-16.847742,,FDA
1268,-44.772343,35.264156,,FDA
1269,6.716741,-4.927863,,FDA
1270,34.09126,38.840527,,FDA
1271,-53.60831,26.606493,,FDA
1272,-4.635364,21.167383,,FDA
1273,-62.646088,21.659012,,FDA
1274,-41.30356,19.973116,,FDA
1275,2.6865568,70.3009,,FDA
1276,-4.469805,6.4390306,,FDA
1277,15.278949,45.551167,,FDA
1278,17.79667,17.476892,,FDA
1279,23.92711,-6.790629,,FDA
1280,15.305931,40.74879,,FDA
1281,-5.313226,1.8639936,,FDA
1282,10.91278,7.880955,,FDA
1283,33.859432,31.93878,,FDA
1284,-74.3739,15.080303,,FDA
1285,-12.9361,1.5905322,,FDA
1286,-23.396284,23.70099,,FDA
1287,-34.867268,22.834423,,FDA
1288,-6.6983285,-9.524363,,FDA
1289,-6.7844934,41.219185,,FDA
1290,16.655178,43.156384,,FDA
1291,-6.129752,49.707138,,FDA
1292,31.887213,33.58201,,FDA
1293,28.757336,25.294598,,FDA
1294,-35.68155,21.455555,,FDA
1295,-31.485868,51.190773,,FDA
1296,-33.43309,17.037212,,FDA
1297,72.80781,12.109194,,FDA
1298,-5.5370183,-0.5148459,,FDA
1299,-14.117753,0.48201808,,FDA
1300,-40.23055,56.33897,,FDA
1301,-39.21916,55.2364,,FDA
1302,-42.205967,53.647144,,FDA
1303,8.823628,-2.2460864,,FDA
1304,-39.64089,28.564949,,FDA
1305,11.870563,50.720245,,FDA
1306,-10.001232,-39.569164,,FDA
1307,-15.847957,-14.281489,,FDA
1308,45.225918,-6.8923016,,FDA
1309,-19.347654,-14.932119,,FDA
1310,-34.09041,-21.90606,,FDA
1311,18.12672,-21.81035,,FDA
1312,-32.348946,-42.68259,,FDA
1313,20.269733,-13.876129,,FDA
1314,-11.637191,-23.20626,,FDA
1315,22.400461,9.959161,,FDA
1316,-8.674157,20.096382,,FDA
1317,53.044113,7.0339174,,FDA
1318,-23.332792,-24.322018,,FDA
1319,16.258726,10.578178,,FDA
1320,9.378597,-24.50958,,FDA
1321,-24.991922,46.674488,,FDA
1322,45.099785,23.915188,,FDA
1323,20.554323,-0.42025656,,FDA
1324,42.894695,24.158344,,FDA
1325,-22.987495,59.23885,,FDA
1326,6.075465,4.0806346,,FDA
1327,-28.348503,-22.128887,,FDA
1328,-31.197916,-11.628325,,FDA
1329,0.71938443,30.088457,,FDA
1330,-24.984297,11.9294195,,FDA
1331,-28.638418,14.81539,,FDA
1332,30.721401,19.211609,,FDA
1333,28.472082,23.282513,,FDA
1334,26.029053,-27.452501,,FDA
1335,-30.787327,8.051179,,FDA
1336,41.717644,147.3544,,FDA
1337,7.5547867,18.473005,,FDA
1338,10.7134695,-28.75884,,FDA
1339,-22.360039,-9.236646,,FDA
1340,-27.387354,8.209197,,FDA
1341,-11.556759,11.691598,,FDA
1342,4.590018,-29.788244,,FDA
1343,37.49737,26.501886,,FDA
1344,17.70385,8.666572,,FDA
1345,-31.386686,-9.252268,,FDA
1346,-14.410423,56.065342,,FDA
1347,84.369026,11.389886,,FDA
1348,54.273434,-20.064568,,FDA
1349,32.831017,-4.985931,,FDA
1350,-3.4837818,-23.502497,,FDA
1351,-39.091286,-40.339695,,FDA
1352,-37.32084,-16.214487,,FDA
1353,-31.044699,-38.60053,,FDA
1354,15.722682,8.100568,,FDA
1355,13.112,17.312006,,FDA
1356,16.534765,-3.9632628,,FDA
1357,22.038475,-7.3159456,,FDA
1358,-32.64209,15.525105,,FDA
1359,35.739594,3.3893824,,FDA
1360,20.403158,31.08214,,FDA
1361,28.104702,19.106682,,FDA
1362,-17.238338,-36.032257,,FDA
1363,-30.585638,6.798567,,FDA
1364,1.7274836,7.8238583,,FDA
1365,-2.649943,-54.479786,,FDA
1366,-19.981869,-27.866495,,FDA
1367,-11.739065,-36.13645,,FDA
1368,-22.771719,-25.04712,,FDA
1369,-25.478577,27.624226,,FDA
1370,-34.623005,-33.513348,,FDA
1371,27.898247,13.842232,,FDA
1372,-49.175014,-13.90918,,FDA
1373,-17.985819,8.261922,,FDA
1374,-16.816212,-2.4371257,,FDA
1375,-3.834666,0.85955274,,FDA
1376,6.814779,-20.977657,,FDA
1377,-50.619373,32.388103,,FDA
1378,21.811348,16.83976,,FDA
1379,13.974004,21.084505,,FDA
1380,16.671911,-19.4544,,FDA
1381,-32.63703,51.469868,,FDA
1382,3.6224723,68.81037,,FDA
1383,-10.685365,13.740862,,FDA
1384,-29.13189,-10.500525,,FDA
1385,-40.85524,11.017119,,FDA
1386,0.19167408,-59.43623,,FDA
1387,-39.28088,-9.773177,,FDA
1388,-1.6035249,-59.282852,,FDA
1389,32.976105,26.48195,,FDA
1390,45.547848,2.5978281,,FDA
1391,-49.574677,-23.30032,,FDA
1392,-13.339042,-34.626907,,FDA
1393,-17.914255,-31.26285,,FDA
1394,-36.800697,2.0674076,,FDA
1395,13.479158,153.247,,FDA
1396,-11.406231,-13.372675,,FDA
1397,60.233032,16.488424,,FDA
1398,10.106426,6.160339,,FDA
1399,-28.55666,-32.231735,,FDA
1400,-7.3155255,-21.144882,,FDA
1401,7.0287814,-7.79036,,FDA
1402,18.773863,32.808155,,FDA
1403,55.546818,6.265246,,FDA
1404,-11.291998,23.677584,,FDA
1405,23.17182,-6.4636183,,FDA
1406,64.60715,-11.199305,,FDA
1407,-1.4428428,-14.945034,,FDA
1408,-50.518097,30.694748,,FDA
1409,-18.836803,-0.6242056,,FDA
1410,-56.348186,-24.870886,,FDA
1411,11.973164,-17.53316,,FDA
1412,46.477825,17.363148,,FDA
1413,-9.454109,26.61996,,FDA
1414,-63.886303,9.327505,,FDA
1415,27.470274,-39.41318,,FDA
1416,22.476126,37.30644,,FDA
1417,-26.859713,-34.42861,,FDA
1418,14.480466,34.377026,,FDA
1419,41.651524,5.207199,,FDA
1420,-11.134785,-45.69136,,FDA
1421,2.4627278,-56.963108,,FDA
1422,49.681694,6.082161,,FDA
1423,-27.118958,-25.641434,,FDA
1424,-50.28613,11.030623,,FDA
1425,27.98835,-41.03103,,FDA
1426,9.90808,-12.3954525,,FDA
1427,-37.530563,14.646507,,FDA
1428,-26.845732,7.891349,,FDA
1429,-26.51932,-33.711426,,FDA
1430,-14.419511,55.80853,,FDA
1431,34.979733,-2.902335,,FDA
1432,-75.06111,16.955296,,FDA
1433,-36.40776,42.715256,,FDA
1434,53.5864,16.127792,,FDA
1435,-19.360323,4.8179455,,FDA
1436,-49.456806,33.58757,,FDA
1437,39.978554,-16.778275,,FDA
1438,28.771845,-74.00816,,FDA
1439,83.01161,15.689173,,FDA
1440,-0.08203666,20.838078,,FDA
1441,26.307238,-6.808385,,FDA
1442,18.444538,-2.6570275,,FDA
1443,10.249286,-8.384678,,FDA
1444,-30.834738,-18.738518,,FDA
1445,8.090899,5.1554327,,FDA
1446,-35.103184,-32.11015,,FDA
1447,16.882195,-30.239988,,FDA
1448,-48.795086,-5.6164446,,FDA
1449,-9.181941,-12.31816,,FDA
1450,11.322379,-4.921165,,FDA
1451,51.630604,32.27757,,FDA
1452,54.663094,33.714012,,FDA
1453,17.261667,42.97597,,FDA
1454,-15.585651,4.071095,,FDA
1455,-4.8530445,-28.808695,,FDA
1456,-18.31281,-19.579142,,FDA
1457,13.258498,35.16809,,FDA
1458,-43.194565,2.9648688,,FDA
1459,-17.613424,-11.759283,,FDA
1460,65.89763,21.74229,,FDA
1461,2.2550147,-21.306856,,FDA
1462,2.7368948,11.622973,,FDA
1463,42.11466,-3.2749696,,FDA
1464,-0.5242278,57.45216,,FDA
1465,8.94361,-6.387431,,FDA
1466,7.0505567,30.565634,,FDA
1467,1.5914841,2.6112664,,FDA
1468,41.333023,4.9133973,,FDA
1469,-24.307203,-14.537991,,FDA
1470,5.8912845,25.363997,,FDA
1471,-28.636322,58.98727,,FDA
1472,-16.706045,-17.769712,,FDA
1473,58.481327,-18.889168,,FDA
1474,-46.907784,49.557617,,FDA
1475,1.3194487,-1.3931968,,FDA
1476,-14.978572,-3.8179686,,FDA
1477,5.7889132,-1.0192013,,FDA
1478,-34.310673,7.319846,,FDA
1479,-36.615067,42.381195,,FDA
1480,-20.946169,-2.330721,,FDA
1481,12.145082,22.346426,,FDA
1482,20.998117,-35.551018,,FDA
1483,-2.9712276,-56.791576,,FDA
1484,42.8957,-21.891815,,FDA
1485,-46.25103,6.5372896,,FDA
1486,-13.151432,-8.710378,,FDA
1487,-22.014954,23.583574,,FDA
1488,-68.567184,32.373547,,FDA
1489,9.054185,23.56532,,FDA
1490,-9.511204,-1.6301019,,FDA
1491,-10.159404,-11.980756,,FDA
1492,-16.111135,-16.416656,,FDA
1493,-51.05741,-22.626892,,FDA
1494,-16.121843,-9.661526,,FDA
1495,18.195896,22.850864,,FDA
1496,25.041971,35.813698,,FDA
1497,28.204603,1.261451,,FDA
1498,25.71828,65.235825,,FDA
1499,51.42334,-11.926062,,FDA
1500,51.621403,49.55616,,FDA
1501,29.20675,37.832073,,FDA
1502,3.581717,69.59515,,FDA
1503,-0.93482316,-46.63545,,FDA
1504,-29.560055,60.545948,,FDA
1505,-15.840647,75.61501,,FDA
1506,-2.726433,15.107949,,FDA
1507,-15.632988,2.0329401,,FDA
1508,13.339404,74.77008,,FDA
1509,65.35454,22.180626,,FDA
1510,-17.440504,70.15916,,FDA
1511,-68.49763,-20.824286,,FDA
1512,60.27196,21.488981,,FDA
1513,-31.424927,63.584835,,FDA
1514,52.182755,28.149801,,FDA
1515,11.695403,22.28551,,FDA
1516,2.912939,5.8056793,,FDA
1517,-3.8766816,-52.891327,,FDA
1518,7.258825,28.775646,,FDA
1519,17.996304,12.585077,,FDA
1520,-11.544577,4.417506,,FDA
1521,-65.3473,8.253313,,FDA
1522,60.324936,-6.6631174,,FDA
1523,2.2690103,19.240543,,FDA
1524,-8.372708,34.441555,,FDA
1525,28.371666,-19.976059,,FDA
1526,-20.62755,-9.439389,,FDA
1527,3.5715082,2.150679,,FDA
1528,-7.7190833,33.940304,,FDA
1529,29.63001,41.30093,,FDA
1530,38.218723,5.6491137,,FDA
1531,-58.351177,-2.7538812,,FDA
1532,-4.2916317,-14.029087,,FDA
1533,8.291607,12.093831,,FDA
1534,29.83139,6.680126,,FDA
1535,-57.52015,-14.057653,,FDA
1536,-3.1545088,-58.930836,,FDA
1537,23.771702,26.23873,,FDA
1538,-18.56982,10.930473,,FDA
1539,61.15195,22.31694,,FDA
1540,18.482065,44.487026,,FDA
1541,8.871297,36.290726,,FDA
1542,16.409794,57.676537,,FDA
1543,4.422855,7.480823,,FDA
1544,27.447624,-68.379906,,FDA
1545,-27.76198,-16.078611,,FDA
1546,26.91595,-17.359339,,FDA
1547,-15.775711,-18.21201,,FDA
1548,-1.5484034,-30.72296,,FDA
1549,-33.86235,62.745243,,FDA
1550,26.209166,24.22775,,FDA
1551,24.54079,-21.7432,,FDA
1552,-44.47228,-16.85255,,FDA
1553,-5.357325,12.641417,,FDA
1554,-33.898804,20.927912,,FDA
1555,23.201902,49.437897,,FDA
1556,26.523357,-15.672101,,FDA
1557,38.714977,-28.696383,,FDA
1558,69.728485,136.61485,,FDA
1559,40.428333,21.458824,,FDA
1560,3.1192625,-5.6869035,,FDA
1561,43.558174,-27.701603,,FDA
1562,15.601979,-33.123558,,FDA
1563,7.440473,24.494663,,FDA
1564,46.510937,42.789284,,FDA
1565,-19.523693,4.916339,,FDA
1566,-19.709093,-8.35394,,FDA
1567,-44.621307,43.83394,,FDA
1568,-8.408842,35.997124,,FDA
1569,60.43934,26.401613,,FDA
1570,-12.786931,7.4175873,,FDA
1571,19.370043,26.510904,,FDA
1572,13.141138,7.6236563,,FDA
1573,32.648052,-9.74059,,FDA
1574,7.537961,-11.52041,,FDA
1575,-34.50708,-26.950144,,FDA
1576,12.780573,-1.4618026,,FDA
1577,5.75895,-45.752666,,FDA
1578,-7.0266366,-21.31552,,FDA
1579,-30.27976,-37.792416,,FDA
1580,7.973953,31.744127,,FDA
1581,14.204763,45.31511,,FDA
1582,51.13831,10.860628,,FDA
1583,51.445507,20.118097,,FDA
1584,32.522038,3.6380332,,FDA
1585,8.199046,9.657308,,FDA
1586,0.37553784,-16.959017,,FDA
1587,2.392149,29.652332,,FDA
1588,-16.841496,18.297304,,FDA
1589,10.654032,-29.824419,,FDA
1590,1.915671,-27.353468,,FDA
1591,-34.11021,53.001904,,FDA
1592,-14.317875,77.826164,,FDA
1593,-36.706043,15.627721,,FDA
1594,12.294662,15.296435,,FDA
1595,30.505783,6.6659985,,FDA
1596,-33.02048,-4.3583436,,FDA
1597,11.028808,-0.6521629,,FDA
1598,-5.33154,-57.017586,,FDA
1599,-11.8929,-5.318261,,FDA
1600,-36.666676,-33.717274,,FDA
1601,37.497253,26.50175,,FDA
1602,-20.322794,17.581013,,FDA
1603,14.595582,-26.91179,,FDA
1604,-2.4190137,-62.028164,,FDA
1605,-25.305601,-17.353428,,FDA
1606,3.6015575,21.937654,,FDA
1607,-24.92264,-22.813229,,FDA
1608,-3.2654493,-48.190742,,FDA
1609,45.888443,2.4049814,,FDA
1610,-57.377563,-15.369152,,FDA
1611,18.611336,0.7156921,,FDA
1612,26.113089,30.73864,,FDA
1613,-0.44549242,14.872294,,FDA
1614,12.043687,-23.708359,,FDA
1615,45.489002,0.4438925,,FDA
1616,-9.363763,11.2330065,,FDA
1617,18.228502,50.80144,,FDA
1618,-0.095565796,-5.5484295,,FDA
1619,-15.482258,21.987806,,FDA
1620,-57.347794,-42.049667,,FDA
1621,-20.386803,75.45494,,FDA
1622,-17.823511,74.12766,,FDA
1623,37.141964,14.269239,,FDA
1624,31.228516,9.815329,,FDA
1625,-1.4824497,11.137394,,FDA
1626,22.004238,7.9322057,,FDA
1627,-39.31338,28.755527,,FDA
1628,25.457428,20.585396,,FDA
1629,-26.269499,61.10735,,FDA
1630,-46.251263,6.535854,,FDA
1631,4.530566,-33.66564,,FDA
1632,45.16951,10.459088,,FDA
1633,35.979652,22.661617,,FDA
1634,35.891468,-37.519817,,FDA
1635,-4.5083413,42.694153,,FDA
1636,-25.567379,-11.191222,,FDA
1637,-37.697613,14.765785,,FDA
1638,14.548643,41.75399,,FDA
1639,-50.92226,-6.0553994,,FDA
1640,-30.613895,6.969375,,FDA
1641,-26.494308,19.35414,,FDA
1642,27.412354,66.16435,,FDA
1643,-28.162127,34.4585,,FDA
1644,-62.852806,8.001631,,FDA
1645,80.76156,16.141413,,FDA
1646,20.083332,-5.1466165,,FDA
1647,-25.97624,-39.26151,,FDA
1648,38.448917,-4.352309,,FDA
1649,-22.014864,10.287894,,FDA
1650,53.55229,22.091534,,FDA
1651,2.1988358,-36.28786,,FDA
1652,-13.397762,37.43501,,FDA
1653,-21.455153,-7.992473,,FDA
1654,-2.3158305,26.100058,,FDA
1655,56.863075,1.5522443,,FDA
1656,60.916615,25.721697,,FDA
1657,-20.285744,-7.2236676,,FDA
1658,-20.622665,-10.008582,,FDA
1659,-42.17127,49.847385,,FDA
1660,-6.6682734,12.950597,,FDA
1661,10.865062,26.60501,,FDA
1662,-7.1081285,24.16211,,FDA
1663,24.214514,-1.5704101,,FDA
1664,-23.02598,-14.943459,,FDA
1665,27.812168,0.021528803,,FDA
1666,7.2990174,-11.513576,,FDA
1667,29.232597,-9.378868,,FDA
1668,12.237648,-7.705675,,FDA
1669,-5.653054,34.5205,,FDA
1670,39.57137,10.476116,,FDA
1671,-25.843811,11.324194,,FDA
1672,10.972235,-35.938927,,FDA
1673,36.6983,-10.436419,,FDA
1674,13.339522,-16.919321,,FDA
1675,-2.073468,-48.29615,,FDA
1676,27.479107,-5.2896676,,FDA
1677,34.264893,-15.937849,,FDA
1678,-10.536438,3.391643,,FDA
1679,-27.373268,68.790695,,FDA
1680,-4.0195203,-17.34335,,FDA
1681,44.851574,63.625137,,FDA
1682,-37.890537,5.942599,,FDA
1683,-19.129383,76.59211,,FDA
1684,27.008495,-6.5878134,,FDA
1685,18.253819,-23.170553,,FDA
1686,52.614338,29.369095,,FDA
1687,34.10875,-20.358582,,FDA
1688,34.506824,22.573097,,FDA
1689,-19.617516,-2.4577794,,FDA
1690,-1.6091738,-37.064507,,FDA
1691,-3.5619617,2.8100255,,FDA
1692,-1.9004679,45.591263,,FDA
1693,-34.33948,-21.632046,,FDA
1694,-13.542658,-6.2982845,,FDA
1695,-12.779592,5.7424417,,FDA
1696,2.296624,1.3690647,,FDA
1697,27.813429,-33.345737,,FDA
1698,51.621403,49.55616,,FDA
1699,-35.63387,18.343424,,FDA
1700,-45.045425,45.367218,,FDA
1701,-23.677755,58.20342,,FDA
1702,13.852481,74.128426,,FDA
1703,-44.02704,-3.8917468,,FDA
1704,-15.553463,-10.301082,,FDA
1705,-8.679673,-0.9897765,,FDA
1706,-10.671914,-5.803254,,FDA
1707,16.241983,25.364368,,FDA
1708,10.79145,52.11919,,FDA
1709,7.58198,58.70671,,FDA
1710,8.555276,58.582893,,FDA
1711,-18.73931,-46.817696,,FDA
1712,21.617054,20.210129,,FDA
1713,-26.04013,30.207994,,FDA
1714,-27.605394,25.113985,,FDA
1715,-4.6736317,-0.55958635,,FDA
1716,60.381153,30.672215,,FDA
1717,13.885138,-2.8022678,,FDA
1718,4.323923,21.549797,,FDA
1719,-16.676249,1.3692726,,FDA
1720,-34.294937,25.78162,,FDA
1721,-33.698467,3.853639,,FDA
1722,-33.69794,3.8528814,,FDA
1723,-23.861517,4.407564,,FDA
1724,-15.566588,3.3713489,,FDA
1725,-16.434246,-8.365582,,FDA
1726,13.683235,75.16373,,FDA
1727,-9.890381,-0.07944868,,FDA
1728,5.0503283,54.318047,,FDA
1729,-3.7791326,-1.1256557,,FDA
1730,-18.946064,-65.63204,,FDA
1731,-20.333597,-21.90625,,FDA
1732,-30.418621,3.2737582,,FDA
1733,21.995987,20.160131,,FDA
1734,-23.682877,30.443855,,FDA
1735,-46.15927,-34.20414,,FDA
1736,8.113369,-17.680304,,FDA
1737,-32.993847,-14.184991,,FDA
1738,-31.557634,-8.825438,,FDA
1739,20.257729,-18.674404,,FDA
1740,-64.54033,1.3814275,,FDA
1741,-1.7083778,6.1881337,,FDA
1742,47.622887,-3.8729618,,FDA
1743,48.40825,-6.4083986,,FDA
1744,38.67787,-22.600111,,FDA
1745,-8.377953,19.14464,,FDA
1746,10.822023,-25.573421,,FDA
1747,-48.21269,-35.440758,,FDA
1748,53.401463,-19.14462,,FDA
1749,59.538887,-17.886066,,FDA
1750,-5.0176926,-13.814371,,FDA
1751,-39.451595,-15.166912,,FDA
1752,-54.446537,17.613827,,FDA
1753,-20.578352,-32.81953,,FDA
1754,59.467953,21.243778,,FDA
1755,12.393418,24.736797,,FDA
1756,4.5231757,-33.681816,,FDA
1757,27.22942,2.8410723,,FDA
1758,-12.9876795,18.932999,,FDA
1759,47.693497,11.283315,,FDA
1760,-43.444874,3.1519003,,FDA
1761,13.964803,71.89322,,FDA
1762,15.713714,21.455269,,FDA
1763,-1.8064865,38.560802,,FDA
1764,-13.430945,0.11983947,,FDA
1765,20.013975,-7.9951015,,FDA
1766,-23.074657,2.1797786,,FDA
1767,16.426968,9.760282,,FDA
1768,-16.45665,-28.2157,,FDA
1769,31.986343,10.007845,,FDA
1770,-10.375105,-2.2522867,,FDA
1771,34.46241,22.872225,,FDA
1772,8.859523,-50.74453,,FDA
1773,-18.519022,35.013874,,FDA
1774,45.146954,28.206512,,FDA
1775,10.7351265,53.470768,,FDA
1776,-16.957483,1.3359693,,FDA
1777,-11.836132,-1.5597675,,FDA
1778,-14.807818,-10.451182,,FDA
1779,78.92409,-4.6849904,,FDA
1780,75.54144,-7.0067368,,FDA
1781,-4.753305,0.26433003,,FDA
1782,-1.0966178,-45.873188,,FDA
1783,25.22007,42.753807,,FDA
1784,-16.889791,-4.92207,,FDA
1785,-10.419007,-1.3072215,,FDA
1786,-54.50368,17.801598,,FDA
1787,11.203152,-15.967784,,FDA
1788,-29.988577,29.686716,,FDA
1789,20.06076,33.56912,,FDA
1790,22.59094,62.350105,,FDA
1791,26.02791,30.945793,,FDA
1792,38.159454,-14.396409,,FDA
1793,-2.6705742,5.991254,,FDA
1794,-25.335474,-30.700613,,FDA
1795,10.879499,52.65061,,FDA
1796,-7.200974,4.6919465,,FDA
1797,-7.8544273,32.970745,,FDA
1798,30.917961,13.754411,,FDA
1799,48.319122,9.463231,,FDA
1800,-21.959934,-5.7562084,,FDA
1801,0.631462,-53.26632,,FDA
1802,29.657078,51.04093,,FDA
1803,38.428806,-12.327227,,FDA
1804,19.280201,15.506351,,FDA
1805,-42.25644,49.929707,,FDA
1806,12.891154,-22.074505,,FDA
1807,-0.69159335,-37.001144,,FDA
1808,12.878482,38.566784,,FDA
1809,-22.30955,73.04801,,FDA
1810,-18.328396,-5.529164,,FDA
1811,-22.716764,70.098236,,FDA
1812,-46.15629,48.90216,,FDA
1813,-22.829687,25.515772,,FDA
1814,12.216978,19.800856,,FDA
1815,-21.967653,-5.7612753,,FDA
1816,-12.798477,-2.5643897,,FDA
1817,34.886894,35.358753,,FDA
1818,-32.33794,13.568153,,FDA
1819,26.449835,29.757673,,FDA
1820,-16.937132,-9.204741,,FDA
1821,10.812344,20.05699,,FDA
1822,-23.51304,27.612165,,FDA
1823,-23.949997,27.783659,,FDA
1824,-14.503715,-4.866771,,FDA
1825,-5.8186727,56.901222,,FDA
1826,-11.655199,-2.2294304,,FDA
1827,57.82852,23.444433,,FDA
1828,9.023136,30.676994,,FDA
1829,-11.8991585,0.01788487,,FDA
1830,-23.27312,28.25606,,FDA
1831,12.904821,22.684103,,FDA
1832,-2.0195823,14.799666,,FDA
1833,-2.2991688,-45.818516,,FDA
1834,-32.738144,-18.434885,,FDA
1835,60.248505,14.694305,,FDA
1836,-11.089705,-2.7045772,,FDA
1837,51.65636,5.6192446,,FDA
1838,11.789642,22.987156,,FDA
1839,18.175043,22.845984,,FDA
1840,-24.163902,31.430405,,FDA
1841,5.144014,56.51801,,FDA
1842,2.56714,-9.058349,,FDA
1843,-10.687206,-4.4948707,,FDA
1844,-6.620989,35.222683,,FDA
1845,12.526784,-9.747118,,FDA
1846,16.20955,-11.820189,,FDA
1847,-15.50765,-9.581071,,FDA
1848,-0.53026426,-39.775826,,FDA
1849,-6.1325564,49.7141,,FDA
1850,-4.3936324,57.01913,,FDA
1851,7.566162,3.4014854,,FDA
1852,-4.0532393,-4.942076,,FDA
1853,-5.7063346,-2.5115817,,FDA
1854,11.078459,-9.709218,,FDA
1855,-33.880642,26.637503,,FDA
1856,5.5856237,-5.1384783,,FDA
1857,-44.890816,-26.929327,,FDA
1858,-6.2476563,0.45917732,,FDA
1859,28.043348,-16.014967,,FDA
1860,9.109109,3.487541,,FDA
1861,-6.100802,-29.298111,,FDA
1862,0.8394748,-30.821053,,FDA
1863,-21.427063,30.41317,,FDA
1864,-1.9190308,38.54985,,FDA
1865,-25.513151,-15.748231,,FDA
1866,52.301514,6.300638,,FDA
1867,-16.79865,-11.109319,,FDA
1868,-4.326921,4.552733,,FDA
1869,27.723206,-19.089384,,FDA
1870,-9.593804,2.9448216,,FDA
1871,-6.185468,36.4977,,FDA
1872,28.05701,-17.773735,,FDA
1873,-12.507531,-35.11757,,FDA
1874,-14.326467,-2.3885088,,FDA
1875,7.1128964,-5.680234,,FDA
1876,11.019611,-41.892273,,FDA
1877,-11.742619,-36.1375,,FDA
1878,-0.7111745,4.8269787,,FDA
1879,-9.436184,-5.004384,,FDA
1880,13.413539,74.36028,,FDA
1881,47.0878,-17.409758,,FDA
1882,14.161047,22.529333,,FDA
1883,13.521904,5.433343,,FDA
1884,48.01461,16.22859,,FDA
1885,-12.112505,-4.1244774,,FDA
1886,14.464154,74.76077,,FDA
1887,0.35154244,-43.268177,,FDA
1888,19.221342,40.40617,,FDA
1889,-16.112906,-4.1504498,,FDA
1890,5.0378084,-7.7195716,,FDA
1891,-13.1516695,-4.3662148,,FDA
1892,-9.98053,42.834343,,FDA
1893,-1.1396358,60.004658,,FDA
1894,-7.6024528,2.2876043,,FDA
1895,-18.40916,1.1709945,,FDA
1896,7.566763,3.4024146,,FDA
1897,-4.6375675,-4.7406936,,FDA
1898,-20.198664,-0.08448917,,FDA
1899,-10.581656,0.5533285,,FDA
1900,-12.699871,-1.4142921,,FDA
1901,-13.166573,-5.732683,,FDA
1902,-11.272753,-0.86307573,,FDA
1903,-1.7871603,59.684162,,FDA
1904,35.41008,34.6453,,FDA
1905,-32.77718,-18.390177,,FDA
1906,34.915405,-11.596146,,FDA
1907,-0.90054595,-47.11067,,FDA
1908,-18.90894,-4.175622,,FDA
1909,-19.287169,-3.3977249,,FDA
1910,14.176791,75.07068,,FDA
1911,-1.7793239,-14.989189,,FDA
1912,-9.072527,-3.6198325,,FDA
1913,18.072395,-22.148779,,FDA
1914,-17.46847,-4.102588,,FDA
1915,-0.8629153,-26.085659,,FDA
1916,15.992063,12.5759325,,FDA
1917,-0.60117924,58.879612,,FDA
1918,-3.0855873,-46.937836,,FDA
1919,16.26687,-31.184626,,FDA
1920,-68.018814,30.585495,,FDA
1921,-20.40783,-21.91956,,FDA
1922,43.613907,24.708845,,FDA
1923,7.4562683,21.061914,,FDA
1924,-19.380295,-47.722862,,FDA
1925,-8.854711,21.108055,,FDA
1926,23.325504,-14.463783,,FDA
1927,22.1087,9.903857,,FDA
1928,13.433105,27.177229,,FDA
1929,29.689451,51.43518,,FDA
1930,-62.211426,22.092758,,FDA
1931,32.01606,31.245382,,FDA
1932,13.979556,27.170382,,FDA
1933,47.079865,-17.412374,,FDA
1934,13.623609,5.2906103,,FDA
1935,14.891211,-11.018771,,FDA
1936,16.138884,-12.068888,,FDA
1937,13.311824,27.291298,,FDA
1938,-38.571415,25.136347,,FDA
1939,-44.8903,-26.924738,,FDA
1940,24.223427,-14.987658,,FDA
1941,16.917664,-11.101322,,FDA
1942,-12.128074,17.103352,,FDA
1943,-5.2987247,-28.96156,,FDA
1944,-2.3034537,-47.61069,,FDA
1945,-8.751278,1.6432729,,FDA
1946,-2.6040022,60.255188,,FDA
1947,-2.5450103,60.72765,,FDA
1948,-12.140365,34.57039,,FDA
1949,16.281752,-31.180574,,FDA
1950,31.192966,43.703796,,FDA
1951,-12.796538,-2.5629518,,FDA
1952,27.549929,-7.6466703,,FDA
1953,-14.651319,31.168425,,FDA
1954,-39.262512,24.931118,,FDA
1955,-22.555462,29.551428,,FDA
1956,-14.053516,11.229314,,FDA
1957,30.732851,-14.946107,,FDA
1958,19.679716,40.907207,,FDA
1959,42.943615,53.23029,,FDA
1960,42.54448,53.06174,,FDA
1961,42.987904,53.262966,,FDA
1962,41.874634,0.2966049,,FDA
1963,-19.530006,-46.766914,,FDA
1964,24.278116,-3.6027958,,FDA
1965,-1.9004679,45.591263,,FDA
1966,0.010365274,47.07989,,FDA
1967,15.272701,-15.361625,,FDA
1968,13.147414,-16.842813,,FDA
1969,44.413254,28.251156,,FDA
1970,29.278154,-16.766016,,FDA
1971,-1.9042835,4.4574995,,FDA
1972,-58.35149,-2.754133,,FDA
1973,9.889465,-42.94,,FDA
1974,0.1882165,47.148888,,FDA
1975,36.81053,32.479538,,FDA
1976,-23.085232,-3.7760174,,FDA
1977,-12.91552,18.177185,,FDA
1978,-20.838394,-0.49335754,,FDA
1979,0.1826225,5.169406,,FDA
1980,-11.194831,-0.043323554,,FDA
1981,-24.885025,30.172312,,FDA
1982,11.057656,-15.141853,,FDA
1983,7.422753,-39.009983,,FDA
1984,-8.848247,5.749394,,FDA
1985,-7.669731,-2.4172552,,FDA
1986,-27.333723,-4.3063636,,FDA
1987,-13.834894,4.16257,,FDA
1988,24.765486,1.7739426,,FDA
1989,33.031002,-12.331104,,FDA
1990,-21.452236,-2.2595842,,FDA
1991,34.384876,21.866436,,FDA
1992,11.236841,-10.749131,,FDA
1993,-0.34923112,-44.397865,,FDA
1994,-7.580114,-42.44716,,FDA
1995,-9.006761,42.442963,,FDA
1996,1.3031555,9.8370285,,FDA
1997,-14.664311,31.216375,,FDA
1998,13.937644,-18.412916,,FDA
1999,41.689598,0.13075413,,FDA
2000,-11.249369,0.9634992,,FDA
2001,27.306099,-13.841272,,FDA
2002,6.7203555,-14.953895,,FDA
2003,-8.218633,41.423737,,FDA
2004,31.312864,43.91002,,FDA
2005,2.7128558,3.8102224,,FDA
2006,20.735035,0.600785,,FDA
2007,44.36757,1.973353,,FDA
2008,48.53478,16.664001,,FDA
2009,36.564594,22.642645,,FDA
2010,-50.01033,-19.970718,,FDA
2011,-45.356308,46.386955,,FDA
2012,4.56191,70.20959,,FDA
2013,61.961956,-0.46092692,,FDA
2014,-9.737792,-33.40308,,FDA
2015,-49.428577,-5.74584,,FDA
2016,-23.4172,57.386833,,FDA
2017,-17.26724,-36.028515,,FDA
2018,-9.311666,-9.860242,,FDA
2019,18.35039,5.3638196,,FDA
2020,-26.44547,-13.412848,,FDA
2021,44.074467,-7.731391,,FDA
2022,63.180588,42.88772,,FDA
2023,24.094244,47.67975,,FDA
2024,15.08928,-15.541233,,FDA
2025,-65.12536,9.87798,,FDA
2026,47.814323,24.024668,,FDA
2027,18.693462,-32.424603,,FDA
2028,5.177338,56.15828,,FDA
2029,19.356997,-8.177937,,FDA
2030,22.770012,-30.024483,,FDA
2031,-7.1089444,24.162367,,FDA
2032,-5.519855,56.766212,,FDA
2033,-8.999894,3.2285087,,FDA
2034,5.274569,-29.190268,,FDA
2035,-15.487692,22.007643,,FDA
2036,-17.410107,80.25199,,FDA
2037,20.656223,-42.83507,,FDA
2038,-11.185755,-18.39667,,FDA
2039,-27.715082,-15.516353,,FDA
2040,-33.890438,-17.527529,,FDA
2041,25.676216,-17.354033,,FDA
2042,-20.324873,17.577368,,FDA
2043,39.471195,35.183125,,FDA
2044,-34.508675,-26.95633,,FDA
2045,-28.542267,0.6888105,,FDA
2046,-37.457146,13.758559,,FDA
2047,-37.464085,-33.849518,,FDA
2048,49.266216,36.02067,,FDA
2049,59.686,24.139889,,FDA
2050,27.067144,-1.8278433,,FDA
2051,-30.472622,52.21406,,FDA
2052,-16.841217,18.2973,,FDA
2053,-24.75199,12.74872,,FDA
2054,-26.571669,74.07665,,FDA
2055,24.978102,65.1843,,FDA
2056,-25.981516,-39.263866,,FDA
2057,-36.311756,-33.61662,,FDA
2058,0.007300413,17.43603,,FDA
2059,10.826598,-2.1382792,,FDA
2060,21.132023,35.626484,,FDA
2061,29.18387,-0.046025712,,FDA
2062,22.091604,-21.006145,,FDA
2063,18.67481,-26.325504,,FDA
2064,114.0068,-103.13517,,FDA
2065,-22.647606,20.543161,,FDA
2066,10.170906,10.028917,,FDA
2067,21.240192,-11.906327,,FDA
2068,13.807,-46.526676,,FDA
2069,45.03511,65.63796,,FDA
2070,24.63048,-22.764116,,FDA
2071,-11.000352,-1.6477317,,FDA
2072,48.946922,13.82153,,FDA
2073,5.7618055,-39.86909,,FDA
2074,61.179993,4.331808,,FDA
2075,76.818146,-2.2502522,,FDA
2076,-5.487019,-8.074357,,FDA
2077,2.4737973,16.5641,,FDA
2078,8.68874,-9.516228,,FDA
2079,-47.9064,26.132183,,FDA
2080,-24.835861,11.856082,,FDA
2081,-31.47681,-38.53729,,FDA
2082,-29.241234,-15.415619,,FDA
2083,9.688266,-15.424695,,FDA
2084,6.653416,-27.602777,,FDA
2085,-14.203403,-22.364147,,FDA
2086,-10.646346,-39.206413,,FDA
2087,-0.668206,-2.855981,,FDA
2088,42.698654,8.465957,,FDA
2089,-12.010424,5.977601,,FDA
2090,44.034473,66.736084,,FDA
2091,-18.29167,-10.618405,,FDA
2092,80.35703,-6.036221,,FDA
2093,11.37234,31.285898,,FDA
2094,12.828368,-11.70186,,FDA
2095,32.163612,-2.4906516,,FDA
2096,3.8938887,-16.663383,,FDA
2097,5.0407887,54.17965,,FDA
2098,-36.493076,22.369362,,FDA
2099,44.946507,66.724434,,FDA
2100,-6.739986,-4.7738986,,FDA
2101,-44.822395,50.41689,,FDA
2102,-25.490953,-29.755651,,FDA
2103,3.9421914,-11.755669,,FDA
2104,-3.8281841,2.375641,,FDA
2105,31.544594,-0.08656101,,FDA
2106,-20.37052,-4.241714,,FDA
2107,34.889816,-13.561955,,FDA
2108,51.885334,28.942274,,FDA
2109,-47.411366,16.813848,,FDA
2110,-35.207855,-11.017815,,FDA
2111,-56.257957,-36.7675,,FDA
2112,-22.016544,10.28818,,FDA
2113,-15.042625,-3.4033604,,FDA
2114,-6.9095316,58.03887,,FDA
2115,34.055393,30.470005,,FDA
2116,20.263609,47.368374,,FDA
2117,-21.453093,-16.126348,,FDA
2118,-27.525532,-7.467266,,FDA
2119,-16.128977,-41.713627,,FDA
2120,38.725754,33.843708,,FDA
2121,39.715897,36.58583,,FDA
2122,4.469356,-17.384161,,FDA
2123,13.120752,-23.896282,,FDA
2124,27.51682,58.412502,,FDA
2125,14.435494,-1.2954367,,FDA
2126,-5.041674,-9.773521,,FDA
2127,-22.815813,71.208305,,FDA
2128,8.224853,-32.91812,,FDA
2129,-8.892795,0.07507292,,FDA
2130,-12.373489,0.8822326,,FDA
2131,-6.0913806,3.0734713,,FDA
2132,55.95483,31.161674,,FDA
2133,-9.869629,-3.130338,,FDA
2134,8.748158,2.183707,,FDA
2135,-44.325394,-35.364914,,FDA
2136,-25.737762,-0.91302,,FDA
2137,-25.25568,-0.47858107,,FDA
2138,13.791202,40.05688,,FDA
2139,-11.090244,-19.662258,,FDA
2140,36.63145,9.839093,,FDA
2141,-5.9705005,59.4722,,FDA
2142,6.89604,7.1584053,,FDA
2143,-12.586922,15.952408,,FDA
2144,-22.885963,-14.860627,,FDA
2145,-38.07853,25.892218,,FDA
2146,-47.635593,29.735558,,FDA
2147,4.568627,-41.77246,,FDA
2148,-16.646029,80.13378,,FDA
2149,-40.77064,39.05775,,FDA
2150,25.16523,-5.23531,,FDA
2151,26.258709,3.0099542,,FDA
2152,29.670551,30.365955,,FDA
2153,-31.979584,16.306507,,FDA
2154,-44.934063,10.973554,,FDA
2155,-3.3177292,59.14621,,FDA
2156,-11.204651,-35.504135,,FDA
2157,7.995187,1.1674532,,FDA
2158,-56.02773,-35.678497,,FDA
2159,28.11458,7.298399,,FDA
2160,36.547886,-1.5647799,,FDA
2161,0.5004213,-23.417255,,FDA
2162,11.216615,9.097755,,FDA
2163,-35.12037,-21.775785,,FDA
2164,-51.962994,-41.394474,,FDA
2165,-2.0660758,-5.784407,,FDA
2166,18.175426,22.84536,,FDA
2167,-1.8273914,2.744888,,FDA
2168,-21.693636,6.586308,,FDA
2169,-14.7187395,6.0700774,,FDA
2170,-1.5016518,6.803659,,FDA
2171,0.8634586,-60.087543,,FDA
2172,-20.933826,0.8836536,,FDA
2173,-51.112312,3.9911652,,FDA
2174,-56.092957,-27.730974,,FDA
2175,-1.6945354,-46.383167,,FDA
2176,-11.565422,-39.971806,,FDA
2177,-7.4262233,9.535868,,FDA
2178,9.545593,17.233969,,FDA
2179,34.336143,-16.061049,,FDA
2180,19.761356,30.943098,,FDA
2181,12.106341,0.34731945,,FDA
2182,-25.62768,-16.476881,,FDA
2183,-42.391563,18.56245,,FDA
2184,27.119896,-41.314262,,FDA
2185,-46.081272,15.804502,,FDA
2186,14.737411,2.188215,,FDA
2187,28.297504,16.585983,,FDA
2188,18.697655,10.165465,,FDA
2189,-9.00675,42.44466,,FDA
2190,-8.565857,-49.793602,,FDA
2191,22.672241,23.597172,,FDA
2192,-24.273577,7.9729733,,FDA
2193,-50.365665,-23.79687,,FDA
2194,-33.256535,-22.971722,,FDA
2195,11.128858,23.471273,,FDA
2196,-0.51114285,3.8282175,,FDA
2197,77.797554,-5.5917344,,FDA
2198,42.7777,51.966816,,FDA
2199,25.895725,15.952785,,FDA
2200,13.799442,24.053051,,FDA
2201,-55.746326,26.160213,,FDA
2202,8.93076,50.771255,,FDA
2203,10.983245,-35.939053,,FDA
2204,-31.381845,19.65229,,FDA
2205,-15.022045,-53.50912,,FDA
2206,36.371857,15.667195,,FDA
2207,-21.167053,2.8925166,,FDA
2208,-1.9483271,47.249012,,FDA
2209,-1.6512538,60.861744,,FDA
2210,53.360123,5.5695558,,FDA
2211,33.342182,-9.992948,,FDA
2212,24.938932,-20.06058,,FDA
2213,81.40215,14.739773,,FDA
2214,15.610892,22.557005,,FDA
2215,-36.79743,2.067368,,FDA
2216,-5.828766,17.773891,,FDA
2217,-3.4499571,-45.620922,,FDA
2218,11.920007,16.632088,,FDA
2219,-3.685084,8.56933,,FDA
2220,-2.0997334,61.35609,,FDA
2221,-30.745989,19.667606,,FDA
2222,25.125206,12.862735,,FDA
2223,10.506573,25.309683,,FDA
2224,-16.816147,-1.7510927,,FDA
2225,-4.223675,11.366065,,FDA
2226,-43.18434,2.9576166,,FDA
2227,10.131547,-10.126268,,FDA
2228,16.380386,43.960052,,FDA
2229,-2.6527605,-20.84454,,FDA
2230,-15.504041,77.659454,,FDA
2231,-40.60673,-49.180546,,FDA
2232,-2.85813,25.288265,,FDA
2233,-14.409516,-13.191894,,FDA
2234,33.347294,22.993994,,FDA
2235,13.805622,-46.528194,,FDA
2236,12.16108,-24.497253,,FDA
2237,-12.157322,34.568752,,FDA
2238,21.812283,-5.629023,,FDA
2239,21.192423,23.639732,,FDA
2240,7.5641956,21.08936,,FDA
2241,51.526512,28.405573,,FDA
2242,59.960327,27.17754,,FDA
2243,31.726538,-7.3470316,,FDA
2244,-31.370556,61.035984,,FDA
2245,-32.244976,61.418133,,FDA
2246,-32.244976,61.418133,,FDA
2247,-33.263237,61.05776,,FDA
2248,-12.840853,-0.34152746,,FDA
2249,-40.692314,58.03931,,FDA
2250,-40.767223,58.055294,,FDA
2251,-38.396152,58.221737,,FDA
2252,-38.707226,59.043922,,FDA
2253,-38.5217,58.548355,,FDA
2254,-12.403263,-37.25178,,FDA
2255,0.43143213,60.611526,,FDA
2256,12.871745,41.836815,,FDA
2257,-18.715881,-46.76419,,FDA
2258,-6.785873,41.218243,,FDA
2259,-11.914583,-3.4372518,,FDA
2260,36.181553,36.367527,,FDA
2261,12.542513,22.351475,,FDA
2262,-13.471612,-1.2259037,,FDA
2263,49.119484,35.567265,,FDA
2264,-15.2500925,-11.257475,,FDA
2265,13.3953495,76.333626,,FDA
2266,11.085447,19.839045,,FDA
2267,28.405142,-15.152128,,FDA
2268,-29.017464,40.462463,,FDA
2269,-29.114388,40.341686,,FDA
2270,4.4616942,39.452084,,FDA
2271,10.374459,30.901007,,FDA
2272,1.2184229,-3.312694,,FDA
2273,-6.7982225,-16.327995,,FDA
2274,-28.150549,34.443005,,FDA
2275,36.614048,-1.6431937,,FDA
2276,1.3751751,-55.43414,,FDA
2277,-17.098454,-0.14272824,,FDA
2278,18.346704,29.333778,,FDA
2279,-24.296314,25.602276,,FDA
2280,26.167982,-9.874334,,FDA
2281,-14.259114,1.7215472,,FDA
2282,34.013905,-11.612598,,FDA
2283,-15.998679,12.692179,,FDA
2284,25.921663,26.375946,,FDA
2285,1.8274368,47.836666,,FDA
2286,-1.9004679,45.591263,,FDA
2287,16.402029,43.841087,,FDA
2288,-0.7303722,46.79133,,FDA
2289,-30.420088,3.2719853,,FDA
2290,-38.571136,25.136196,,FDA
2291,-1.1399444,13.490271,,FDA
2292,-22.693727,1.5261871,,FDA
2293,6.751929,-3.8663783,,FDA
2294,-7.510979,-10.2361145,,FDA
2295,-6.7855973,41.219624,,FDA
2296,-6.56661,-6.5394135,,FDA
2297,-8.361067,-2.3535047,,FDA
2298,-26.86392,15.243338,,FDA
2299,-27.557178,25.10583,,FDA
2300,16.856243,29.042501,,FDA
2301,-30.417208,-6.2650805,,FDA
2302,15.1118555,39.378136,,FDA
2303,31.25326,-6.29468,,FDA
2304,33.666874,-11.219992,,FDA
2305,-21.787947,6.414788,,FDA
2306,-2.1651843,-46.755703,,FDA
2307,-6.3753357,1.0981492,,FDA
2308,-12.170028,17.166693,,FDA
2309,17.151882,-3.3098164,,FDA
2310,-44.23027,-2.8718348,,FDA
2311,17.341984,-3.1797838,,FDA
2312,0.4919048,1.885232,,FDA
2313,14.76958,-15.770019,,FDA
2314,-17.69736,9.398205,,FDA
2315,8.81966,-2.7262237,,FDA
2316,-27.585728,4.4007115,,FDA
2317,-27.587317,4.4028993,,FDA
2318,-0.38642502,-9.387325,,FDA
2319,-0.24873857,-9.231337,,FDA
2320,-4.877031,-1.5104915,,FDA
2321,-17.534313,3.589542,,FDA
2322,-33.024895,0.26673463,,FDA
2323,-32.706577,-0.11986178,,FDA
2324,-32.761345,-0.38430548,,FDA
2325,-15.102063,-39.226074,,FDA
2326,-16.486614,-10.153808,,FDA
2327,30.514326,-10.57133,,FDA
2328,-29.650627,39.669384,,FDA
2329,-24.376522,28.44013,,FDA
2330,-34.341682,34.601574,,FDA
2331,-34.3035,34.86736,,FDA
2332,-34.62236,34.44181,,FDA
2333,-34.584175,34.710968,,FDA
2334,-36.66886,35.290863,,FDA
2335,11.575633,19.023174,,FDA
2336,-1.8848804,60.39474,,FDA
2337,11.067049,25.636848,,FDA
2338,-35.158184,35.589756,,FDA
2339,10.543769,22.03702,,FDA
2340,-3.076221,-43.684517,,FDA
2341,11.789043,19.867012,,FDA
2342,-1.6416012,-47.773758,,FDA
2343,-12.027833,-0.78447497,,FDA
2344,13.066126,27.803091,,FDA
2345,-23.687504,28.4388,,FDA
2346,-17.09874,-6.1588125,,FDA
2347,-20.19427,-3.238474,,FDA
2348,14.288278,74.31854,,FDA
2349,12.289578,22.988913,,FDA
2350,-16.07554,81.92751,,FDA
2351,-9.557698,-2.4489734,,FDA
2352,-24.9391,30.22027,,FDA
2353,11.971975,19.213335,,FDA
2354,13.963431,71.95504,,FDA
2355,-11.499639,-36.245796,,FDA
2356,-2.2074997,59.761894,,FDA
2357,10.804915,-24.299948,,FDA
2358,-1.6328424,-46.978436,,FDA
2359,-14.859782,-9.756771,,FDA
2360,-26.384663,68.407326,,FDA
2361,-29.183872,67.50742,,FDA
2362,-26.597355,67.396355,,FDA
2363,-26.633015,69.11668,,FDA
2364,-28.995089,67.97766,,FDA
2365,-29.249619,67.34921,,FDA
2366,-26.669998,67.843575,,FDA
2367,-15.889755,-10.765019,,FDA
2368,49.112286,35.53488,,FDA
2369,-31.172297,15.349491,,FDA
2370,10.592423,-20.080492,,FDA
2371,-26.500923,19.331963,,FDA
2372,-9.655316,0.76856667,,FDA
2373,27.87329,-33.151455,,FDA
2374,-26.284914,72.33533,,FDA
2375,8.133824,29.825626,,FDA
2376,8.570672,30.44085,,FDA
2377,22.376091,-23.478962,,FDA
2378,-25.603838,71.52627,,FDA
2379,-25.988972,71.54715,,FDA
2380,25.934736,23.419771,,FDA
2381,52.64394,20.987844,,FDA
2382,-23.405483,73.647934,,FDA
2383,-23.452383,72.71812,,FDA
2384,-23.886147,69.7055,,FDA
2385,-18.871313,80.187744,,FDA
2386,-29.991795,29.678463,,FDA
2387,-32.25751,59.47064,,FDA
2388,-2.8449395,17.940384,,FDA
2389,-21.882673,74.47508,,FDA
2390,16.411125,57.59064,,FDA
2391,-18.38328,80.54633,,FDA
2392,-40.996803,59.40497,,FDA
2393,-31.995575,63.841785,,FDA
2394,-19.03924,-0.9956471,,FDA
2395,-15.606868,-5.921514,,FDA
2396,-19.224972,81.17381,,FDA
2397,-31.727358,16.931787,,FDA
2398,75.548546,10.794071,,FDA
2399,58.010742,41.137466,,FDA
2400,3.6557407,-3.489741,,FDA
2401,51.50231,14.339476,,FDA
2402,-20.940908,-13.927604,,FDA
2403,-72.74302,-26.520851,1737.0,MENIN / MLL
2404,-73.535965,-26.048761,1738.0,MENIN / MLL
2405,-73.05148,-24.574629,1739.0,MENIN / MLL
2406,-74.245514,-25.50527,1740.0,MENIN / MLL
2407,-73.34289,-25.264502,1741.0,MENIN / MLL
2408,-74.77038,-25.813261,1742.0,MENIN / MLL
2409,-75.07123,-25.307085,1744.0,MENIN / MLL
2410,-75.07123,-25.307085,1745.0,MENIN / MLL
2411,-74.82992,-24.917639,1746.0,MENIN / MLL
2412,-76.2044,-24.694962,1747.0,MENIN / MLL
2413,-76.21107,-25.127432,1748.0,MENIN / MLL
2414,-75.79225,-24.081814,1749.0,MENIN / MLL
2415,-75.96682,-26.661768,1750.0,MENIN / MLL
2416,-76.77456,-25.837368,1751.0,MENIN / MLL
2417,-74.786156,-28.04509,1753.0,MENIN / MLL
2418,-74.786156,-28.04509,1754.0,MENIN / MLL
2419,-74.31011,-23.833332,1756.0,MENIN / MLL
2420,-74.31011,-23.833332,1757.0,MENIN / MLL
2421,-76.43558,-27.516808,1758.0,MENIN / MLL
2422,-75.51778,-28.51101,1759.0,MENIN / MLL
2423,14.578839,-39.056065,1602.0,Bromodomain / Histone
2424,15.5808935,-38.828747,1603.0,Bromodomain / Histone
2425,31.336563,-69.74861,1604.0,Bromodomain / Histone
2426,14.801699,-31.85541,1605.0,Bromodomain / Histone
2427,32.250916,-76.21554,1606.0,Bromodomain / Histone
2428,34.80028,-77.496506,1607.0,Bromodomain / Histone
2429,32.480865,-75.68077,1608.0,Bromodomain / Histone
2430,35.004498,-77.280975,1609.0,Bromodomain / Histone
2431,32.465946,-75.58335,1610.0,Bromodomain / Histone
2432,31.223898,-78.670044,1611.0,Bromodomain / Histone
2433,33.685207,-80.15366,1612.0,Bromodomain / Histone
2434,32.106533,-78.27512,1613.0,Bromodomain / Histone
2435,33.965626,-79.02489,1614.0,Bromodomain / Histone
2436,30.639624,-79.59057,1615.0,Bromodomain / Histone
2437,30.985508,-79.08607,1616.0,Bromodomain / Histone
2438,32.918156,-78.84555,1617.0,Bromodomain / Histone
2439,33.66316,-79.17248,1618.0,Bromodomain / Histone
2440,31.71127,-80.510735,1619.0,Bromodomain / Histone
2441,32.88478,-80.88445,1620.0,Bromodomain / Histone
2442,31.863287,-79.81085,1621.0,Bromodomain / Histone
2443,33.125122,-80.35642,1622.0,Bromodomain / Histone
2444,30.006927,-77.93515,1623.0,Bromodomain / Histone
2445,34.809208,-80.01973,1624.0,Bromodomain / Histone
2446,29.218927,-77.87969,1625.0,Bromodomain / Histone
2447,29.000858,-77.793396,1626.0,Bromodomain / Histone
2448,29.951223,-76.74536,1627.0,Bromodomain / Histone
2449,29.373756,-76.73308,1628.0,Bromodomain / Histone
2450,31.296244,-76.87207,1629.0,Bromodomain / Histone
2451,30.627129,-75.55294,1630.0,Bromodomain / Histone
2452,30.550606,-76.9727,1631.0,Bromodomain / Histone
2453,36.46834,-78.746185,1632.0,Bromodomain / Histone
2454,36.561832,-78.890755,1633.0,Bromodomain / Histone
2455,37.258945,-77.18451,1634.0,Bromodomain / Histone
2456,37.305218,-77.22381,1635.0,Bromodomain / Histone
2457,36.88875,-76.458145,1636.0,Bromodomain / Histone
2458,36.78069,-75.26378,1637.0,Bromodomain / Histone
2459,37.61384,-76.494286,1638.0,Bromodomain / Histone
2460,37.218025,-75.2122,1639.0,Bromodomain / Histone
2461,33.03187,-76.35055,1640.0,Bromodomain / Histone
2462,34.555046,-76.941536,1641.0,Bromodomain / Histone
2463,33.50622,-75.62074,1642.0,Bromodomain / Histone
2464,34.7407,-76.288506,1643.0,Bromodomain / Histone
2465,32.40032,-73.4106,1644.0,Bromodomain / Histone
2466,32.424774,-73.46334,1645.0,Bromodomain / Histone
2467,34.864956,-74.53036,1646.0,Bromodomain / Histone
2468,34.88882,-74.25941,1647.0,Bromodomain / Histone
2469,-1.1598597,-19.381422,1783.0,Bromodomain / Histone
2470,39.208767,-16.066608,1784.0,Bromodomain / Histone
2471,-11.105388,7.956876,1785.0,Bromodomain / Histone
2472,-8.581077,-8.741681,1786.0,Bromodomain / Histone
2473,-11.757998,-6.9592896,1787.0,Bromodomain / Histone
2474,-22.19153,-18.547867,1788.0,Bromodomain / Histone
2475,62.474495,-34.994213,1789.0,Bromodomain / Histone
2476,14.079509,-31.891975,1790.0,Bromodomain / Histone
2477,-11.238334,-63.470165,1791.0,Bromodomain / Histone
2478,33.209602,-70.74135,1811.0,Bromodomain / Histone
2479,31.888546,-68.70304,1812.0,Bromodomain / Histone
2480,32.201317,-68.09327,1813.0,Bromodomain / Histone
2481,33.295307,-67.68067,1814.0,Bromodomain / Histone
2482,32.430344,-68.60631,1815.0,Bromodomain / Histone
2483,34.210526,-66.16384,1816.0,Bromodomain / Histone
2484,34.11905,-66.25721,1817.0,Bromodomain / Histone
2485,33.770924,-66.20778,1818.0,Bromodomain / Histone
2486,34.176506,-67.211075,1819.0,Bromodomain / Histone
2487,-11.191719,-63.458008,1820.0,Bromodomain / Histone
2488,-10.980313,-63.421284,1822.0,Bromodomain / Histone
2489,-10.400577,-63.335384,1823.0,Bromodomain / Histone
2490,23.653517,-51.91281,1824.0,Bromodomain / Histone
2491,21.6483,-57.501316,1825.0,Bromodomain / Histone
2492,23.75833,-55.27229,1826.0,Bromodomain / Histone
2493,22.721584,-55.18648,1827.0,Bromodomain / Histone
2494,20.67554,-53.81552,1828.0,Bromodomain / Histone
2495,23.743406,-55.24351,1829.0,Bromodomain / Histone
2496,22.790724,-54.011963,1830.0,Bromodomain / Histone
2497,20.858932,-53.927277,1831.0,Bromodomain / Histone
2498,21.395658,-55.656815,1832.0,Bromodomain / Histone
2499,21.842995,-54.980038,1833.0,Bromodomain / Histone
2500,22.727926,-54.11626,1834.0,Bromodomain / Histone
2501,20.987015,-54.038715,1835.0,Bromodomain / Histone
2502,22.79068,-56.36609,1836.0,Bromodomain / Histone
2503,20.387892,-55.652855,1837.0,Bromodomain / Histone
2504,22.189579,-52.96687,1838.0,Bromodomain / Histone
2505,20.921564,-52.96556,1839.0,Bromodomain / Histone
2506,21.358814,-57.654835,1840.0,Bromodomain / Histone
2507,20.345747,-56.222225,1841.0,Bromodomain / Histone
2508,23.161488,-49.611866,1842.0,Bromodomain / Histone
2509,19.835438,-54.19593,1843.0,Bromodomain / Histone
2510,23.732916,-53.50615,1844.0,Bromodomain / Histone
2511,17.88036,-51.127373,1846.0,Bromodomain / Histone
2512,12.229706,-64.653046,1847.0,Bromodomain / Histone
2513,10.458628,-75.59471,1848.0,Bromodomain / Histone
2514,12.256415,-64.32455,1849.0,Bromodomain / Histone
2515,11.782359,-65.63557,1850.0,Bromodomain / Histone
2516,11.458287,-65.421875,1851.0,Bromodomain / Histone
2517,12.572668,-65.81985,1852.0,Bromodomain / Histone
2518,11.809172,-66.13583,1853.0,Bromodomain / Histone
2519,11.116367,-66.75716,1854.0,Bromodomain / Histone
2520,10.344073,-74.8243,1855.0,Bromodomain / Histone
2521,10.792233,-74.6841,1856.0,Bromodomain / Histone
2522,10.4205885,-73.51619,1857.0,Bromodomain / Histone
2523,11.501405,-74.38914,1858.0,Bromodomain / Histone
2524,11.760386,-74.41152,1859.0,Bromodomain / Histone
2525,10.258244,-67.569305,1860.0,Bromodomain / Histone
2526,10.094672,-67.70272,1861.0,Bromodomain / Histone
2527,10.281601,-71.9392,1862.0,Bromodomain / Histone
2528,10.257883,-71.19128,1863.0,Bromodomain / Histone
2529,9.315292,-74.28432,1864.0,Bromodomain / Histone
2530,9.414965,-73.296875,1865.0,Bromodomain / Histone
2531,9.518547,-71.867165,1866.0,Bromodomain / Histone
2532,9.683986,-71.101494,1867.0,Bromodomain / Histone
2533,5.2299047,-73.46559,1868.0,Bromodomain / Histone
2534,5.554411,-72.85497,1869.0,Bromodomain / Histone
2535,6.35368,-72.06628,1870.0,Bromodomain / Histone
2536,6.237095,-72.02345,1871.0,Bromodomain / Histone
2537,6.964761,-70.84811,1872.0,Bromodomain / Histone
2538,7.11443,-70.53277,1873.0,Bromodomain / Histone
2539,5.9062014,-74.025696,1874.0,Bromodomain / Histone
2540,6.49571,-73.97304,1875.0,Bromodomain / Histone
2541,1.7864395,-71.41761,1876.0,Bromodomain / Histone
2542,1.294961,-69.37403,1877.0,Bromodomain / Histone
2543,0.8631242,-69.41809,1878.0,Bromodomain / Histone
2544,1.7435796,-71.140236,1879.0,Bromodomain / Histone
2545,1.8068225,-69.96272,1880.0,Bromodomain / Histone
2546,0.47416592,-69.604576,1881.0,Bromodomain / Histone
2547,1.8896097,-69.41929,1882.0,Bromodomain / Histone
2548,10.185798,12.879991,1883.0,Bromodomain / Histone
2549,30.135187,-10.794827,1884.0,Bromodomain / Histone
2550,-40.499943,-53.453873,1907.0,Bromodomain / Histone
2551,-37.890774,-55.386345,1908.0,Bromodomain / Histone
2552,-41.423504,-53.20843,1909.0,Bromodomain / Histone
2553,35.75142,-48.512997,2031.0,Bromodomain / Histone
2554,36.741177,-48.09029,2032.0,Bromodomain / Histone
2555,40.01746,-47.209755,2033.0,Bromodomain / Histone
2556,39.510754,-45.904293,2034.0,Bromodomain / Histone
2557,37.03251,-49.211468,2035.0,Bromodomain / Histone
2558,36.076553,-47.14688,2036.0,Bromodomain / Histone
2559,36.319016,-48.274914,2037.0,Bromodomain / Histone
2560,39.120647,-46.356663,2038.0,Bromodomain / Histone
2561,37.31794,-50.035015,2039.0,Bromodomain / Histone
2562,39.486732,-47.29093,2040.0,Bromodomain / Histone
2563,39.01886,-47.923428,2041.0,Bromodomain / Histone
2564,37.517902,-49.712784,2042.0,Bromodomain / Histone
2565,36.723087,-49.853367,2043.0,Bromodomain / Histone
2566,36.594822,-45.76946,2044.0,Bromodomain / Histone
2567,39.451134,-45.859303,2045.0,Bromodomain / Histone
2568,38.842457,-48.597145,2046.0,Bromodomain / Histone
2569,36.75769,-50.524643,2047.0,Bromodomain / Histone
2570,36.00893,-45.562794,2048.0,Bromodomain / Histone
2571,36.139122,-45.99866,2049.0,Bromodomain / Histone
2572,57.764725,-33.159504,2110.0,Bromodomain / Histone
2573,57.983913,-33.085217,2111.0,Bromodomain / Histone
2574,58.51799,-32.482697,2112.0,Bromodomain / Histone
2575,58.911793,-32.74408,2113.0,Bromodomain / Histone
2576,59.933548,-33.516926,2114.0,Bromodomain / Histone
2577,59.075974,-32.68566,2115.0,Bromodomain / Histone
2578,60.491432,-33.53328,2116.0,Bromodomain / Histone
2579,61.643467,-34.01994,2117.0,Bromodomain / Histone
2580,61.309937,-33.85951,2118.0,Bromodomain / Histone
2581,61.90903,-33.903015,2119.0,Bromodomain / Histone
2582,62.04689,-33.479774,2120.0,Bromodomain / Histone
2583,61.63729,-35.526897,2121.0,Bromodomain / Histone
2584,62.633816,-35.013916,2123.0,Bromodomain / Histone
2585,-25.926197,-44.368607,2128.0,Bromodomain / Histone
2586,30.88153,-68.091576,2129.0,Bromodomain / Histone
2587,-39.45678,-26.831877,2130.0,Bromodomain / Histone
2588,-39.12415,-23.986744,2131.0,Bromodomain / Histone
2589,5.017601,18.295305,2132.0,Bromodomain / Histone
2590,-21.073376,-40.694046,2133.0,Bromodomain / Histone
2591,-26.098873,-44.81644,2134.0,Bromodomain / Histone
2592,-26.397,-45.53595,2135.0,Bromodomain / Histone
2593,-26.024166,-44.633186,2136.0,Bromodomain / Histone
2594,-39.08559,-23.915442,2137.0,Bromodomain / Histone
2595,-39.701218,-27.664953,2138.0,Bromodomain / Histone
2596,-39.73026,-26.429344,2139.0,Bromodomain / Histone
2597,-39.902573,-25.67527,2140.0,Bromodomain / Histone
2598,-39.890354,-27.624172,2141.0,Bromodomain / Histone
2599,5.019173,18.296968,2142.0,Bromodomain / Histone
2600,-21.943846,-36.81992,2143.0,Bromodomain / Histone
2601,-21.94284,-36.820797,2144.0,Bromodomain / Histone
2602,-18.725935,-66.38374,2145.0,Bromodomain / Histone
2603,-18.711113,-66.431656,2146.0,Bromodomain / Histone
2604,-15.100226,-82.63938,2147.0,Bromodomain / Histone
2605,-14.252806,-82.96561,2148.0,Bromodomain / Histone
2606,-15.310376,-78.40132,2149.0,Bromodomain / Histone
2607,-15.532442,-81.067665,2150.0,Bromodomain / Histone
2608,-14.652061,-77.44443,2151.0,Bromodomain / Histone
2609,-13.797616,-81.16879,2152.0,Bromodomain / Histone
2610,-11.977122,-80.108315,2153.0,Bromodomain / Histone
2611,-13.075217,-80.50206,2154.0,Bromodomain / Histone
2612,-12.493917,-80.451225,2155.0,Bromodomain / Histone
2613,-12.570341,-79.553505,2156.0,Bromodomain / Histone
2614,-13.240347,-78.2834,2157.0,Bromodomain / Histone
2615,-14.320162,-77.5787,2158.0,Bromodomain / Histone
2616,-13.236332,-77.59443,2159.0,Bromodomain / Histone
2617,-13.113209,-79.87199,2160.0,Bromodomain / Histone
2618,-13.773254,-78.04857,2161.0,Bromodomain / Histone
2619,-15.900635,-82.3656,2162.0,Bromodomain / Histone
2620,-14.240457,-84.72907,2163.0,Bromodomain / Histone
2621,-13.4354925,-83.85322,2164.0,Bromodomain / Histone
2622,-14.639892,-83.71868,2165.0,Bromodomain / Histone
2623,-13.906034,-85.845375,2166.0,Bromodomain / Histone
2624,-14.641836,-85.58743,2167.0,Bromodomain / Histone
2625,-15.0142765,-84.72755,2168.0,Bromodomain / Histone
2626,-13.373748,-84.798294,2169.0,Bromodomain / Histone
2627,-13.813601,-87.4055,2170.0,Bromodomain / Histone
2628,-17.280529,-85.00453,2171.0,Bromodomain / Histone
2629,-16.524536,-83.99424,2172.0,Bromodomain / Histone
2630,-16.62996,-83.81458,2173.0,Bromodomain / Histone
2631,-16.926233,-85.746,2174.0,Bromodomain / Histone
2632,-12.120307,-83.9359,2175.0,Bromodomain / Histone
2633,-10.940944,-84.88247,2176.0,Bromodomain / Histone
2634,-14.164363,-83.46231,2177.0,Bromodomain / Histone
2635,-14.501194,-86.125786,2178.0,Bromodomain / Histone
2636,-15.989442,-75.36739,2179.0,Bromodomain / Histone
2637,-16.034832,-75.30453,2180.0,Bromodomain / Histone
2638,-13.53789,-82.76949,2181.0,Bromodomain / Histone
2639,-12.665412,-82.95417,2182.0,Bromodomain / Histone
2640,-12.947033,-85.916,2183.0,Bromodomain / Histone
2641,-13.236947,-87.13871,2184.0,Bromodomain / Histone
2642,-12.564588,-85.50702,2185.0,Bromodomain / Histone
2643,-12.61478,-86.9191,2186.0,Bromodomain / Histone
2644,-15.485535,-87.140366,2187.0,Bromodomain / Histone
2645,-16.198294,-87.87024,2188.0,Bromodomain / Histone
2646,-16.640232,-87.99,2189.0,Bromodomain / Histone
2647,-15.2398,-88.65402,2190.0,Bromodomain / Histone
2648,-10.235621,-85.15201,2191.0,Bromodomain / Histone
2649,-9.746948,-85.03431,2192.0,Bromodomain / Histone
2650,-9.914956,-85.58197,2193.0,Bromodomain / Histone
2651,-15.565797,-85.8229,2194.0,Bromodomain / Histone
2652,-17.934443,-84.85334,2195.0,Bromodomain / Histone
2653,32.244896,-65.574066,2196.0,Bromodomain / Histone
2654,26.430727,0.76465946,2197.0,Bromodomain / Histone
2655,-11.65254,-25.136986,2198.0,Bromodomain / Histone
2656,-37.639145,-51.054993,2199.0,Bromodomain / Histone
2657,54.38564,-50.100033,2201.0,Bromodomain / Histone
2658,53.827656,-52.662876,2202.0,Bromodomain / Histone
2659,54.27781,-52.368187,2203.0,Bromodomain / Histone
2660,54.898533,-51.341988,2204.0,Bromodomain / Histone
2661,54.972492,-51.907375,2205.0,Bromodomain / Histone
2662,52.365482,-52.463463,2206.0,Bromodomain / Histone
2663,52.61624,-52.90242,2207.0,Bromodomain / Histone
2664,55.138863,-50.848587,2208.0,Bromodomain / Histone
2665,54.788006,-50.62824,2209.0,Bromodomain / Histone
2666,53.41914,-51.08938,2210.0,Bromodomain / Histone
2667,53.829926,-50.44775,2211.0,Bromodomain / Histone
2668,55.674328,-49.0679,2212.0,Bromodomain / Histone
2669,56.435207,-49.212917,2213.0,Bromodomain / Histone
2670,52.35321,-51.97273,2214.0,Bromodomain / Histone
2671,53.06151,-48.647797,2215.0,Bromodomain / Histone
2672,56.96772,-48.8557,2216.0,Bromodomain / Histone
2673,56.98845,-49.7488,2217.0,Bromodomain / Histone
2674,57.54476,-49.63541,2218.0,Bromodomain / Histone
2675,58.075363,-49.67083,2219.0,Bromodomain / Histone
2676,57.97615,-49.250572,2220.0,Bromodomain / Histone
2677,56.274464,-46.88193,2221.0,Bromodomain / Histone
2678,56.284344,-46.749866,2222.0,Bromodomain / Histone
2679,56.331947,-46.725082,2223.0,Bromodomain / Histone
2680,12.598195,-25.65442,2224.0,Bromodomain / Histone
2681,-38.384975,-50.604355,2225.0,Bromodomain / Histone
2682,-43.00414,-12.508752,2226.0,Bromodomain / Histone
2683,-54.176876,16.695345,2227.0,Bromodomain / Histone
2684,-43.007854,-12.508553,2228.0,Bromodomain / Histone
2685,-1.0566455,9.185883,2229.0,Bromodomain / Histone
2686,-14.191782,11.23538,2230.0,Bromodomain / Histone
2687,11.231694,-9.094489,2231.0,Bromodomain / Histone
2688,-21.07161,-40.69831,2260.0,Bromodomain / Histone
2689,71.37666,-25.497852,2261.0,Bromodomain / Histone
2690,72.52967,-24.827295,2262.0,Bromodomain / Histone
2691,72.38201,-25.372803,2263.0,Bromodomain / Histone
2692,72.26841,-24.28755,2264.0,Bromodomain / Histone
2693,71.72574,-25.094934,2265.0,Bromodomain / Histone
2694,71.37931,-24.704752,2266.0,Bromodomain / Histone
2695,71.04924,-24.712135,2267.0,Bromodomain / Histone
2696,71.483574,-24.067345,2268.0,Bromodomain / Histone
2697,15.709554,-38.96879,2269.0,Bromodomain / Histone
2698,16.04701,-38.232098,2270.0,Bromodomain / Histone
2699,30.738203,-5.1370087,2279.0,Bromodomain / Histone
2700,41.341442,34.039948,2089.0,WDR5/MLL
2701,66.517044,45.149807,2090.0,WDR5/MLL
2702,66.61596,46.48455,2091.0,WDR5/MLL
2703,66.55831,47.091824,2092.0,WDR5/MLL
2704,66.958984,47.04203,2093.0,WDR5/MLL
2705,67.46894,44.50361,2094.0,WDR5/MLL
2706,67.88826,45.154568,2095.0,WDR5/MLL
2707,66.517044,45.149807,2096.0,WDR5/MLL
2708,64.969124,42.951298,2097.0,WDR5/MLL
2709,64.68264,43.226208,2098.0,WDR5/MLL
2710,64.47062,43.66507,2099.0,WDR5/MLL
2711,64.23738,43.615494,2100.0,WDR5/MLL
2712,66.28821,44.06698,2101.0,WDR5/MLL
2713,65.90331,44.50874,2102.0,WDR5/MLL
2714,65.78567,45.253586,2103.0,WDR5/MLL
2715,65.78567,45.253586,2104.0,WDR5/MLL
2716,64.92165,45.841675,2105.0,WDR5/MLL
2717,67.39503,43.733562,2106.0,WDR5/MLL
2718,67.39503,43.733562,2107.0,WDR5/MLL
2719,-27.729155,-17.018423,2232.0,WDR5/MLL
2720,-39.072147,-17.272741,2233.0,WDR5/MLL
2721,-40.002613,-19.121117,2234.0,WDR5/MLL
2722,-40.015354,-19.146967,2235.0,WDR5/MLL
2723,-17.192873,25.255388,2236.0,WDR5/MLL
2724,-16.64081,25.041885,2237.0,WDR5/MLL
2725,-10.913225,30.010689,2238.0,WDR5/MLL
2726,-10.91223,30.011044,2239.0,WDR5/MLL
2727,-21.504513,-32.199886,2240.0,WDR5/MLL
2728,-76.13735,-4.6294127,2317.0,SPIN1 / H3
2729,-73.629684,-3.8350422,2318.0,SPIN1 / H3
2730,-73.579735,-3.8149202,2319.0,SPIN1 / H3
2731,-77.75538,-5.740968,2320.0,SPIN1 / H3
2732,-65.830536,-10.4729395,2340.0,SPIN1 / H3
2733,-65.85715,-11.155525,2341.0,SPIN1 / H3
2734,-66.23827,-10.791057,2342.0,SPIN1 / H3
2735,-66.41422,-10.579733,2343.0,SPIN1 / H3
2736,-65.42069,-10.025755,2344.0,SPIN1 / H3
2737,-77.744675,-6.503006,2353.0,SPIN1 / H3
2738,-77.34187,-6.61668,2354.0,SPIN1 / H3
2739,-78.34845,-7.1941137,2355.0,SPIN1 / H3
2740,-77.85252,-5.869188,2356.0,SPIN1 / H3
2741,-79.21188,-5.9941545,2357.0,SPIN1 / H3
2742,-79.26918,-5.3820167,2358.0,SPIN1 / H3
2743,-79.78003,-5.8987546,2359.0,SPIN1 / H3
2744,-80.12991,-6.6868377,2360.0,SPIN1 / H3
2745,-79.57134,-7.4063654,2361.0,SPIN1 / H3
2746,-79.63562,-7.581087,2362.0,SPIN1 / H3
2747,-80.35221,-8.416642,2363.0,SPIN1 / H3
2748,-80.36219,-8.445268,2364.0,SPIN1 / H3
2749,-80.522194,-11.248317,2365.0,SPIN1 / H3
2750,-80.16763,-11.782729,2366.0,SPIN1 / H3
2751,-79.902885,-11.041382,2367.0,SPIN1 / H3
2752,-79.65263,-11.527234,2368.0,SPIN1 / H3
2753,-80.60554,-11.226741,2369.0,SPIN1 / H3
